Creato come nuovo set dati;Sample 013 By Administrator Date martedì, novembre 22 2022
cm-1;%T
4000.00;87.54
3999.00;87.52
3998.00;87.51
3997.00;87.50
3996.00;87.50
3995.00;87.52
3994.00;87.55
3993.00;87.58
3992.00;87.60
3991.00;87.60
3990.00;87.58
3989.00;87.55
3988.00;87.53
3987.00;87.51
3986.00;87.51
3985.00;87.52
3984.00;87.53
3983.00;87.55
3982.00;87.57
3981.00;87.59
3980.00;87.61
3979.00;87.63
3978.00;87.64
3977.00;87.64
3976.00;87.64
3975.00;87.63
3974.00;87.62
3973.00;87.63
3972.00;87.63
3971.00;87.62
3970.00;87.61
3969.00;87.60
3968.00;87.60
3967.00;87.60
3966.00;87.62
3965.00;87.64
3964.00;87.64
3963.00;87.64
3962.00;87.63
3961.00;87.63
3960.00;87.64
3959.00;87.65
3958.00;87.65
3957.00;87.63
3956.00;87.59
3955.00;87.56
3954.00;87.55
3953.00;87.57
3952.00;87.59
3951.00;87.60
3950.00;87.59
3949.00;87.58
3948.00;87.58
3947.00;87.59
3946.00;87.61
3945.00;87.63
3944.00;87.62
3943.00;87.62
3942.00;87.63
3941.00;87.63
3940.00;87.63
3939.00;87.61
3938.00;87.59
3937.00;87.58
3936.00;87.58
3935.00;87.60
3934.00;87.62
3933.00;87.63
3932.00;87.63
3931.00;87.61
3930.00;87.59
3929.00;87.57
3928.00;87.56
3927.00;87.56
3926.00;87.58
3925.00;87.61
3924.00;87.66
3923.00;87.70
3922.00;87.72
3921.00;87.71
3920.00;87.70
3919.00;87.67
3918.00;87.64
3917.00;87.63
3916.00;87.64
3915.00;87.66
3914.00;87.67
3913.00;87.65
3912.00;87.61
3911.00;87.58
3910.00;87.58
3909.00;87.61
3908.00;87.68
3907.00;87.75
3906.00;87.81
3905.00;87.85
3904.00;87.87
3903.00;87.88
3902.00;87.89
3901.00;87.87
3900.00;87.84
3899.00;87.81
3898.00;87.80
3897.00;87.80
3896.00;87.79
3895.00;87.78
3894.00;87.76
3893.00;87.74
3892.00;87.74
3891.00;87.76
3890.00;87.80
3889.00;87.84
3888.00;87.84
3887.00;87.80
3886.00;87.78
3885.00;87.79
3884.00;87.83
3883.00;87.85
3882.00;87.82
3881.00;87.78
3880.00;87.75
3879.00;87.77
3878.00;87.78
3877.00;87.77
3876.00;87.73
3875.00;87.71
3874.00;87.75
3873.00;87.82
3872.00;87.87
3871.00;87.86
3870.00;87.85
3869.00;87.88
3868.00;87.95
3867.00;87.98
3866.00;87.98
3865.00;87.94
3864.00;87.91
3863.00;87.89
3862.00;87.88
3861.00;87.88
3860.00;87.89
3859.00;87.92
3858.00;87.96
3857.00;88.00
3856.00;88.03
3855.00;88.01
3854.00;87.96
3853.00;87.94
3852.00;87.96
3851.00;87.95
3850.00;87.88
3849.00;87.83
3848.00;87.83
3847.00;87.85
3846.00;87.86
3845.00;87.86
3844.00;87.86
3843.00;87.88
3842.00;87.92
3841.00;87.96
3840.00;87.98
3839.00;87.97
3838.00;87.96
3837.00;87.97
3836.00;87.99
3835.00;88.01
3834.00;87.99
3833.00;87.96
3832.00;87.93
3831.00;87.91
3830.00;87.91
3829.00;87.90
3828.00;87.89
3827.00;87.89
3826.00;87.91
3825.00;87.95
3824.00;87.99
3823.00;87.99
3822.00;87.98
3821.00;88.00
3820.00;88.06
3819.00;88.09
3818.00;88.06
3817.00;87.97
3816.00;87.90
3815.00;87.87
3814.00;87.87
3813.00;87.85
3812.00;87.84
3811.00;87.86
3810.00;87.92
3809.00;87.96
3808.00;87.96
3807.00;87.94
3806.00;87.95
3805.00;87.98
3804.00;87.99
3803.00;87.98
3802.00;87.97
3801.00;88.00
3800.00;88.06
3799.00;88.07
3798.00;88.03
3797.00;87.97
3796.00;87.93
3795.00;87.92
3794.00;87.92
3793.00;87.90
3792.00;87.89
3791.00;87.90
3790.00;87.91
3789.00;87.93
3788.00;87.94
3787.00;87.94
3786.00;87.94
3785.00;87.95
3784.00;87.96
3783.00;87.98
3782.00;87.99
3781.00;87.97
3780.00;87.95
3779.00;87.94
3778.00;87.95
3777.00;87.96
3776.00;87.96
3775.00;87.95
3774.00;87.95
3773.00;87.97
3772.00;87.99
3771.00;88.02
3770.00;88.06
3769.00;88.09
3768.00;88.10
3767.00;88.07
3766.00;88.01
3765.00;87.97
3764.00;87.98
3763.00;88.00
3762.00;88.01
3761.00;88.01
3760.00;88.01
3759.00;88.03
3758.00;88.06
3757.00;88.09
3756.00;88.13
3755.00;88.16
3754.00;88.16
3753.00;88.15
3752.00;88.12
3751.00;88.10
3750.00;88.11
3749.00;88.17
3748.00;88.23
3747.00;88.27
3746.00;88.26
3745.00;88.21
3744.00;88.20
3743.00;88.26
3742.00;88.29
3741.00;88.25
3740.00;88.21
3739.00;88.21
3738.00;88.22
3737.00;88.23
3736.00;88.24
3735.00;88.25
3734.00;88.25
3733.00;88.20
3732.00;88.14
3731.00;88.09
3730.00;88.07
3729.00;88.05
3728.00;88.04
3727.00;88.03
3726.00;88.04
3725.00;88.05
3724.00;88.07
3723.00;88.08
3722.00;88.08
3721.00;88.08
3720.00;88.07
3719.00;88.05
3718.00;88.03
3717.00;88.04
3716.00;88.07
3715.00;88.11
3714.00;88.14
3713.00;88.14
3712.00;88.13
3711.00;88.12
3710.00;88.12
3709.00;88.12
3708.00;88.13
3707.00;88.14
3706.00;88.16
3705.00;88.18
3704.00;88.20
3703.00;88.19
3702.00;88.18
3701.00;88.15
3700.00;88.13
3699.00;88.10
3698.00;88.09
3697.00;88.08
3696.00;88.10
3695.00;88.12
3694.00;88.16
3693.00;88.20
3692.00;88.24
3691.00;88.26
3690.00;88.24
3689.00;88.18
3688.00;88.13
3687.00;88.09
3686.00;88.05
3685.00;88.01
3684.00;87.96
3683.00;87.94
3682.00;87.93
3681.00;87.95
3680.00;88.01
3679.00;88.09
3678.00;88.16
3677.00;88.16
3676.00;88.12
3675.00;88.12
3674.00;88.19
3673.00;88.24
3672.00;88.22
3671.00;88.13
3670.00;88.03
3669.00;87.97
3668.00;87.92
3667.00;87.87
3666.00;87.81
3665.00;87.75
3664.00;87.71
3663.00;87.68
3662.00;87.67
3661.00;87.68
3660.00;87.70
3659.00;87.70
3658.00;87.67
3657.00;87.62
3656.00;87.59
3655.00;87.59
3654.00;87.60
3653.00;87.58
3652.00;87.52
3651.00;87.47
3650.00;87.45
3649.00;87.48
3648.00;87.50
3647.00;87.46
3646.00;87.37
3645.00;87.25
3644.00;87.13
3643.00;87.04
3642.00;87.00
3641.00;86.98
3640.00;86.98
3639.00;86.95
3638.00;86.91
3637.00;86.87
3636.00;86.83
3635.00;86.82
3634.00;86.83
3633.00;86.88
3632.00;86.92
3631.00;86.93
3630.00;86.89
3629.00;86.84
3628.00;86.82
3627.00;86.80
3626.00;86.74
3625.00;86.66
3624.00;86.61
3623.00;86.59
3622.00;86.58
3621.00;86.55
3620.00;86.52
3619.00;86.52
3618.00;86.53
3617.00;86.53
3616.00;86.49
3615.00;86.43
3614.00;86.37
3613.00;86.35
3612.00;86.36
3611.00;86.35
3610.00;86.31
3609.00;86.24
3608.00;86.16
3607.00;86.09
3606.00;86.04
3605.00;86.01
3604.00;85.99
3603.00;85.97
3602.00;85.96
3601.00;85.94
3600.00;85.93
3599.00;85.94
3598.00;85.95
3597.00;85.94
3596.00;85.91
3595.00;85.86
3594.00;85.83
3593.00;85.84
3592.00;85.87
3591.00;85.90
3590.00;85.91
3589.00;85.90
3588.00;85.88
3587.00;85.87
3586.00;85.84
3585.00;85.80
3584.00;85.75
3583.00;85.69
3582.00;85.64
3581.00;85.62
3580.00;85.59
3579.00;85.57
3578.00;85.53
3577.00;85.48
3576.00;85.45
3575.00;85.44
3574.00;85.45
3573.00;85.48
3572.00;85.51
3571.00;85.54
3570.00;85.54
3569.00;85.52
3568.00;85.47
3567.00;85.43
3566.00;85.41
3565.00;85.41
3564.00;85.39
3563.00;85.36
3562.00;85.33
3561.00;85.30
3560.00;85.28
3559.00;85.26
3558.00;85.24
3557.00;85.23
3556.00;85.23
3555.00;85.22
3554.00;85.20
3553.00;85.16
3552.00;85.12
3551.00;85.09
3550.00;85.08
3549.00;85.07
3548.00;85.05
3547.00;85.01
3546.00;84.97
3545.00;84.95
3544.00;84.94
3543.00;84.94
3542.00;84.94
3541.00;84.93
3540.00;84.91
3539.00;84.88
3538.00;84.84
3537.00;84.81
3536.00;84.78
3535.00;84.76
3534.00;84.75
3533.00;84.74
3532.00;84.73
3531.00;84.74
3530.00;84.75
3529.00;84.75
3528.00;84.76
3527.00;84.76
3526.00;84.74
3525.00;84.72
3524.00;84.69
3523.00;84.65
3522.00;84.60
3521.00;84.57
3520.00;84.55
3519.00;84.54
3518.00;84.52
3517.00;84.50
3516.00;84.48
3515.00;84.47
3514.00;84.47
3513.00;84.48
3512.00;84.48
3511.00;84.47
3510.00;84.46
3509.00;84.45
3508.00;84.43
3507.00;84.41
3506.00;84.39
3505.00;84.37
3504.00;84.34
3503.00;84.32
3502.00;84.29
3501.00;84.28
3500.00;84.27
3499.00;84.28
3498.00;84.30
3497.00;84.30
3496.00;84.29
3495.00;84.27
3494.00;84.24
3493.00;84.22
3492.00;84.21
3491.00;84.21
3490.00;84.22
3489.00;84.21
3488.00;84.19
3487.00;84.16
3486.00;84.13
3485.00;84.12
3484.00;84.11
3483.00;84.12
3482.00;84.11
3481.00;84.10
3480.00;84.08
3479.00;84.06
3478.00;84.05
3477.00;84.03
3476.00;84.00
3475.00;83.98
3474.00;83.97
3473.00;83.97
3472.00;83.98
3471.00;83.99
3470.00;84.01
3469.00;84.01
3468.00;84.02
3467.00;84.03
3466.00;84.03
3465.00;84.03
3464.00;84.01
3463.00;84.00
3462.00;83.99
3461.00;83.98
3460.00;83.96
3459.00;83.94
3458.00;83.92
3457.00;83.89
3456.00;83.87
3455.00;83.84
3454.00;83.82
3453.00;83.82
3452.00;83.83
3451.00;83.85
3450.00;83.87
3449.00;83.90
3448.00;83.92
3447.00;83.92
3446.00;83.91
3445.00;83.89
3444.00;83.86
3443.00;83.84
3442.00;83.84
3441.00;83.85
3440.00;83.85
3439.00;83.86
3438.00;83.88
3437.00;83.89
3436.00;83.89
3435.00;83.87
3434.00;83.84
3433.00;83.82
3432.00;83.81
3431.00;83.82
3430.00;83.82
3429.00;83.82
3428.00;83.80
3427.00;83.78
3426.00;83.76
3425.00;83.75
3424.00;83.74
3423.00;83.74
3422.00;83.75
3421.00;83.75
3420.00;83.74
3419.00;83.71
3418.00;83.71
3417.00;83.74
3416.00;83.80
3415.00;83.85
3414.00;83.89
3413.00;83.90
3412.00;83.90
3411.00;83.88
3410.00;83.86
3409.00;83.84
3408.00;83.84
3407.00;83.85
3406.00;83.85
3405.00;83.85
3404.00;83.83
3403.00;83.82
3402.00;83.81
3401.00;83.81
3400.00;83.82
3399.00;83.82
3398.00;83.82
3397.00;83.81
3396.00;83.81
3395.00;83.81
3394.00;83.83
3393.00;83.85
3392.00;83.86
3391.00;83.85
3390.00;83.82
3389.00;83.78
3388.00;83.77
3387.00;83.76
3386.00;83.77
3385.00;83.77
3384.00;83.77
3383.00;83.77
3382.00;83.78
3381.00;83.79
3380.00;83.80
3379.00;83.80
3378.00;83.79
3377.00;83.79
3376.00;83.80
3375.00;83.82
3374.00;83.86
3373.00;83.90
3372.00;83.95
3371.00;83.98
3370.00;84.00
3369.00;84.00
3368.00;83.98
3367.00;83.93
3366.00;83.89
3365.00;83.86
3364.00;83.85
3363.00;83.86
3362.00;83.88
3361.00;83.89
3360.00;83.88
3359.00;83.86
3358.00;83.84
3357.00;83.83
3356.00;83.81
3355.00;83.81
3354.00;83.84
3353.00;83.89
3352.00;83.94
3351.00;83.96
3350.00;83.95
3349.00;83.91
3348.00;83.87
3347.00;83.86
3346.00;83.87
3345.00;83.89
3344.00;83.91
3343.00;83.92
3342.00;83.93
3341.00;83.94
3340.00;83.95
3339.00;83.94
3338.00;83.92
3337.00;83.89
3336.00;83.86
3335.00;83.84
3334.00;83.82
3333.00;83.81
3332.00;83.80
3331.00;83.80
3330.00;83.80
3329.00;83.80
3328.00;83.81
3327.00;83.82
3326.00;83.83
3325.00;83.85
3324.00;83.86
3323.00;83.85
3322.00;83.84
3321.00;83.82
3320.00;83.81
3319.00;83.80
3318.00;83.79
3317.00;83.79
3316.00;83.80
3315.00;83.81
3314.00;83.81
3313.00;83.80
3312.00;83.77
3311.00;83.75
3310.00;83.73
3309.00;83.71
3308.00;83.71
3307.00;83.71
3306.00;83.72
3305.00;83.72
3304.00;83.71
3303.00;83.67
3302.00;83.63
3301.00;83.58
3300.00;83.53
3299.00;83.50
3298.00;83.49
3297.00;83.51
3296.00;83.53
3295.00;83.54
3294.00;83.53
3293.00;83.51
3292.00;83.47
3291.00;83.43
3290.00;83.39
3289.00;83.36
3288.00;83.34
3287.00;83.32
3286.00;83.31
3285.00;83.31
3284.00;83.31
3283.00;83.32
3282.00;83.33
3281.00;83.31
3280.00;83.28
3279.00;83.24
3278.00;83.22
3277.00;83.22
3276.00;83.24
3275.00;83.25
3274.00;83.25
3273.00;83.22
3272.00;83.17
3271.00;83.12
3270.00;83.08
3269.00;83.06
3268.00;83.06
3267.00;83.06
3266.00;83.03
3265.00;82.99
3264.00;82.94
3263.00;82.89
3262.00;82.87
3261.00;82.86
3260.00;82.85
3259.00;82.84
3258.00;82.82
3257.00;82.79
3256.00;82.76
3255.00;82.73
3254.00;82.68
3253.00;82.63
3252.00;82.58
3251.00;82.56
3250.00;82.55
3249.00;82.55
3248.00;82.54
3247.00;82.53
3246.00;82.50
3245.00;82.46
3244.00;82.42
3243.00;82.36
3242.00;82.31
3241.00;82.27
3240.00;82.24
3239.00;82.24
3238.00;82.25
3237.00;82.27
3236.00;82.26
3235.00;82.22
3234.00;82.14
3233.00;82.06
3232.00;81.98
3231.00;81.92
3230.00;81.88
3229.00;81.85
3228.00;81.82
3227.00;81.78
3226.00;81.73
3225.00;81.68
3224.00;81.64
3223.00;81.62
3222.00;81.59
3221.00;81.56
3220.00;81.52
3219.00;81.46
3218.00;81.41
3217.00;81.36
3216.00;81.33
3215.00;81.30
3214.00;81.26
3213.00;81.22
3212.00;81.17
3211.00;81.13
3210.00;81.09
3209.00;81.05
3208.00;81.00
3207.00;80.96
3206.00;80.90
3205.00;80.85
3204.00;80.80
3203.00;80.74
3202.00;80.69
3201.00;80.66
3200.00;80.64
3199.00;80.63
3198.00;80.61
3197.00;80.57
3196.00;80.53
3195.00;80.48
3194.00;80.42
3193.00;80.37
3192.00;80.32
3191.00;80.29
3190.00;80.27
3189.00;80.26
3188.00;80.25
3187.00;80.23
3186.00;80.20
3185.00;80.15
3184.00;80.09
3183.00;80.05
3182.00;80.02
3181.00;80.00
3180.00;79.97
3179.00;79.92
3178.00;79.87
3177.00;79.82
3176.00;79.76
3175.00;79.70
3174.00;79.66
3173.00;79.63
3172.00;79.61
3171.00;79.59
3170.00;79.58
3169.00;79.55
3168.00;79.51
3167.00;79.45
3166.00;79.40
3165.00;79.35
3164.00;79.33
3163.00;79.29
3162.00;79.24
3161.00;79.18
3160.00;79.13
3159.00;79.11
3158.00;79.10
3157.00;79.09
3156.00;79.08
3155.00;79.06
3154.00;79.03
3153.00;78.98
3152.00;78.90
3151.00;78.83
3150.00;78.76
3149.00;78.70
3148.00;78.65
3147.00;78.59
3146.00;78.53
3145.00;78.48
3144.00;78.43
3143.00;78.38
3142.00;78.34
3141.00;78.30
3140.00;78.25
3139.00;78.20
3138.00;78.13
3137.00;78.05
3136.00;77.97
3135.00;77.89
3134.00;77.80
3133.00;77.73
3132.00;77.67
3131.00;77.62
3130.00;77.56
3129.00;77.49
3128.00;77.43
3127.00;77.37
3126.00;77.31
3125.00;77.26
3124.00;77.21
3123.00;77.16
3122.00;77.10
3121.00;77.03
3120.00;76.97
3119.00;76.91
3118.00;76.85
3117.00;76.78
3116.00;76.67
3115.00;76.55
3114.00;76.43
3113.00;76.33
3112.00;76.23
3111.00;76.13
3110.00;76.03
3109.00;75.93
3108.00;75.83
3107.00;75.74
3106.00;75.65
3105.00;75.56
3104.00;75.49
3103.00;75.44
3102.00;75.40
3101.00;75.37
3100.00;75.33
3099.00;75.27
3098.00;75.20
3097.00;75.13
3096.00;75.05
3095.00;74.97
3094.00;74.89
3093.00;74.82
3092.00;74.76
3091.00;74.71
3090.00;74.64
3089.00;74.57
3088.00;74.49
3087.00;74.41
3086.00;74.33
3085.00;74.24
3084.00;74.15
3083.00;74.07
3082.00;73.99
3081.00;73.90
3080.00;73.79
3079.00;73.68
3078.00;73.57
3077.00;73.47
3076.00;73.39
3075.00;73.35
3074.00;73.34
3073.00;73.35
3072.00;73.38
3071.00;73.42
3070.00;73.46
3069.00;73.49
3068.00;73.52
3067.00;73.55
3066.00;73.59
3065.00;73.64
3064.00;73.68
3063.00;73.70
3062.00;73.71
3061.00;73.71
3060.00;73.72
3059.00;73.75
3058.00;73.78
3057.00;73.80
3056.00;73.82
3055.00;73.83
3054.00;73.85
3053.00;73.85
3052.00;73.85
3051.00;73.83
3050.00;73.81
3049.00;73.79
3048.00;73.78
3047.00;73.77
3046.00;73.76
3045.00;73.75
3044.00;73.73
3043.00;73.69
3042.00;73.63
3041.00;73.54
3040.00;73.44
3039.00;73.37
3038.00;73.32
3037.00;73.28
3036.00;73.24
3035.00;73.20
3034.00;73.16
3033.00;73.13
3032.00;73.09
3031.00;73.03
3030.00;72.95
3029.00;72.87
3028.00;72.81
3027.00;72.78
3026.00;72.75
3025.00;72.71
3024.00;72.65
3023.00;72.58
3022.00;72.52
3021.00;72.47
3020.00;72.42
3019.00;72.37
3018.00;72.32
3017.00;72.27
3016.00;72.22
3015.00;72.18
3014.00;72.13
3013.00;72.09
3012.00;72.02
3011.00;71.94
3010.00;71.85
3009.00;71.77
3008.00;71.72
3007.00;71.68
3006.00;71.63
3005.00;71.59
3004.00;71.55
3003.00;71.51
3002.00;71.48
3001.00;71.45
3000.00;71.41
2999.00;71.38
2998.00;71.36
2997.00;71.35
2996.00;71.34
2995.00;71.34
2994.00;71.33
2993.00;71.32
2992.00;71.29
2991.00;71.25
2990.00;71.21
2989.00;71.18
2988.00;71.15
2987.00;71.12
2986.00;71.11
2985.00;71.10
2984.00;71.10
2983.00;71.10
2982.00;71.09
2981.00;71.08
2980.00;71.06
2979.00;71.03
2978.00;71.02
2977.00;71.02
2976.00;71.02
2975.00;71.03
2974.00;71.03
2973.00;71.02
2972.00;71.01
2971.00;71.00
2970.00;70.99
2969.00;71.00
2968.00;71.02
2967.00;71.05
2966.00;71.06
2965.00;71.05
2964.00;71.04
2963.00;71.04
2962.00;71.05
2961.00;71.08
2960.00;71.10
2959.00;71.12
2958.00;71.12
2957.00;71.12
2956.00;71.12
2955.00;71.14
2954.00;71.15
2953.00;71.17
2952.00;71.18
2951.00;71.19
2950.00;71.22
2949.00;71.25
2948.00;71.30
2947.00;71.35
2946.00;71.39
2945.00;71.41
2944.00;71.43
2943.00;71.43
2942.00;71.45
2941.00;71.46
2940.00;71.48
2939.00;71.49
2938.00;71.50
2937.00;71.51
2936.00;71.54
2935.00;71.59
2934.00;71.65
2933.00;71.70
2932.00;71.74
2931.00;71.77
2930.00;71.80
2929.00;71.83
2928.00;71.86
2927.00;71.88
2926.00;71.89
2925.00;71.88
2924.00;71.88
2923.00;71.87
2922.00;71.87
2921.00;71.88
2920.00;71.88
2919.00;71.87
2918.00;71.85
2917.00;71.81
2916.00;71.78
2915.00;71.76
2914.00;71.75
2913.00;71.74
2912.00;71.71
2911.00;71.67
2910.00;71.63
2909.00;71.58
2908.00;71.52
2907.00;71.46
2906.00;71.39
2905.00;71.32
2904.00;71.27
2903.00;71.24
2902.00;71.21
2901.00;71.17
2900.00;71.11
2899.00;71.05
2898.00;71.01
2897.00;70.97
2896.00;70.94
2895.00;70.90
2894.00;70.85
2893.00;70.78
2892.00;70.73
2891.00;70.70
2890.00;70.67
2889.00;70.64
2888.00;70.59
2887.00;70.53
2886.00;70.46
2885.00;70.40
2884.00;70.35
2883.00;70.32
2882.00;70.31
2881.00;70.32
2880.00;70.32
2879.00;70.30
2878.00;70.28
2877.00;70.26
2876.00;70.26
2875.00;70.26
2874.00;70.25
2873.00;70.24
2872.00;70.23
2871.00;70.24
2870.00;70.25
2869.00;70.25
2868.00;70.23
2867.00;70.20
2866.00;70.17
2865.00;70.15
2864.00;70.14
2863.00;70.14
2862.00;70.14
2861.00;70.14
2860.00;70.14
2859.00;70.13
2858.00;70.13
2857.00;70.11
2856.00;70.08
2855.00;70.04
2854.00;70.02
2853.00;70.01
2852.00;70.02
2851.00;70.03
2850.00;70.03
2849.00;70.02
2848.00;69.98
2847.00;69.92
2846.00;69.86
2845.00;69.82
2844.00;69.79
2843.00;69.77
2842.00;69.77
2841.00;69.77
2840.00;69.78
2839.00;69.78
2838.00;69.78
2837.00;69.78
2836.00;69.78
2835.00;69.79
2834.00;69.78
2833.00;69.76
2832.00;69.73
2831.00;69.70
2830.00;69.68
2829.00;69.69
2828.00;69.70
2827.00;69.70
2826.00;69.70
2825.00;69.70
2824.00;69.71
2823.00;69.73
2822.00;69.75
2821.00;69.77
2820.00;69.79
2819.00;69.82
2818.00;69.84
2817.00;69.85
2816.00;69.86
2815.00;69.87
2814.00;69.88
2813.00;69.90
2812.00;69.92
2811.00;69.94
2810.00;69.96
2809.00;69.98
2808.00;70.00
2807.00;70.02
2806.00;70.05
2805.00;70.09
2804.00;70.14
2803.00;70.19
2802.00;70.23
2801.00;70.26
2800.00;70.29
2799.00;70.33
2798.00;70.37
2797.00;70.42
2796.00;70.47
2795.00;70.52
2794.00;70.57
2793.00;70.61
2792.00;70.66
2791.00;70.72
2790.00;70.80
2789.00;70.88
2788.00;70.96
2787.00;71.03
2786.00;71.10
2785.00;71.19
2784.00;71.27
2783.00;71.34
2782.00;71.39
2781.00;71.43
2780.00;71.47
2779.00;71.52
2778.00;71.58
2777.00;71.64
2776.00;71.71
2775.00;71.78
2774.00;71.85
2773.00;71.92
2772.00;71.98
2771.00;72.04
2770.00;72.09
2769.00;72.14
2768.00;72.19
2767.00;72.25
2766.00;72.32
2765.00;72.38
2764.00;72.43
2763.00;72.46
2762.00;72.48
2761.00;72.48
2760.00;72.49
2759.00;72.51
2758.00;72.56
2757.00;72.61
2756.00;72.67
2755.00;72.71
2754.00;72.75
2753.00;72.77
2752.00;72.80
2751.00;72.83
2750.00;72.88
2749.00;72.93
2748.00;72.98
2747.00;73.03
2746.00;73.08
2745.00;73.12
2744.00;73.15
2743.00;73.18
2742.00;73.20
2741.00;73.23
2740.00;73.26
2739.00;73.31
2738.00;73.35
2737.00;73.40
2736.00;73.44
2735.00;73.48
2734.00;73.51
2733.00;73.54
2732.00;73.55
2731.00;73.56
2730.00;73.56
2729.00;73.56
2728.00;73.57
2727.00;73.58
2726.00;73.61
2725.00;73.63
2724.00;73.66
2723.00;73.68
2722.00;73.68
2721.00;73.67
2720.00;73.66
2719.00;73.67
2718.00;73.68
2717.00;73.70
2716.00;73.70
2715.00;73.69
2714.00;73.66
2713.00;73.64
2712.00;73.62
2711.00;73.61
2710.00;73.58
2709.00;73.55
2708.00;73.51
2707.00;73.47
2706.00;73.44
2705.00;73.40
2704.00;73.37
2703.00;73.33
2702.00;73.28
2701.00;73.23
2700.00;73.18
2699.00;73.12
2698.00;73.06
2697.00;73.00
2696.00;72.93
2695.00;72.86
2694.00;72.78
2693.00;72.70
2692.00;72.63
2691.00;72.54
2690.00;72.45
2689.00;72.36
2688.00;72.27
2687.00;72.18
2686.00;72.08
2685.00;71.98
2684.00;71.88
2683.00;71.79
2682.00;71.71
2681.00;71.63
2680.00;71.55
2679.00;71.47
2678.00;71.39
2677.00;71.31
2676.00;71.23
2675.00;71.16
2674.00;71.10
2673.00;71.04
2672.00;70.98
2671.00;70.93
2670.00;70.88
2669.00;70.84
2668.00;70.82
2667.00;70.82
2666.00;70.83
2665.00;70.84
2664.00;70.84
2663.00;70.83
2662.00;70.83
2661.00;70.83
2660.00;70.85
2659.00;70.87
2658.00;70.89
2657.00;70.91
2656.00;70.93
2655.00;70.94
2654.00;70.97
2653.00;70.99
2652.00;71.03
2651.00;71.07
2650.00;71.11
2649.00;71.14
2648.00;71.16
2647.00;71.18
2646.00;71.20
2645.00;71.23
2644.00;71.25
2643.00;71.27
2642.00;71.28
2641.00;71.28
2640.00;71.29
2639.00;71.30
2638.00;71.32
2637.00;71.33
2636.00;71.35
2635.00;71.38
2634.00;71.40
2633.00;71.42
2632.00;71.44
2631.00;71.47
2630.00;71.50
2629.00;71.52
2628.00;71.52
2627.00;71.53
2626.00;71.52
2625.00;71.52
2624.00;71.52
2623.00;71.53
2622.00;71.55
2621.00;71.57
2620.00;71.58
2619.00;71.57
2618.00;71.56
2617.00;71.54
2616.00;71.53
2615.00;71.53
2614.00;71.53
2613.00;71.52
2612.00;71.50
2611.00;71.48
2610.00;71.46
2609.00;71.45
2608.00;71.44
2607.00;71.43
2606.00;71.41
2605.00;71.41
2604.00;71.41
2603.00;71.42
2602.00;71.42
2601.00;71.41
2600.00;71.42
2599.00;71.43
2598.00;71.45
2597.00;71.45
2596.00;71.46
2595.00;71.47
2594.00;71.50
2593.00;71.52
2592.00;71.55
2591.00;71.58
2590.00;71.61
2589.00;71.63
2588.00;71.64
2587.00;71.65
2586.00;71.66
2585.00;71.67
2584.00;71.69
2583.00;71.70
2582.00;71.70
2581.00;71.67
2580.00;71.63
2579.00;71.59
2578.00;71.55
2577.00;71.50
2576.00;71.44
2575.00;71.36
2574.00;71.27
2573.00;71.20
2572.00;71.13
2571.00;71.06
2570.00;70.99
2569.00;70.91
2568.00;70.84
2567.00;70.77
2566.00;70.68
2565.00;70.58
2564.00;70.48
2563.00;70.38
2562.00;70.28
2561.00;70.16
2560.00;70.04
2559.00;69.93
2558.00;69.83
2557.00;69.74
2556.00;69.63
2555.00;69.52
2554.00;69.42
2553.00;69.32
2552.00;69.20
2551.00;69.07
2550.00;68.94
2549.00;68.83
2548.00;68.76
2547.00;68.72
2546.00;68.69
2545.00;68.67
2544.00;68.65
2543.00;68.64
2542.00;68.64
2541.00;68.65
2540.00;68.66
2539.00;68.68
2538.00;68.70
2537.00;68.73
2536.00;68.76
2535.00;68.78
2534.00;68.80
2533.00;68.84
2532.00;68.90
2531.00;68.98
2530.00;69.05
2529.00;69.09
2528.00;69.12
2527.00;69.16
2526.00;69.21
2525.00;69.28
2524.00;69.35
2523.00;69.42
2522.00;69.48
2521.00;69.53
2520.00;69.58
2519.00;69.64
2518.00;69.72
2517.00;69.79
2516.00;69.85
2515.00;69.90
2514.00;69.94
2513.00;70.00
2512.00;70.08
2511.00;70.17
2510.00;70.27
2509.00;70.35
2508.00;70.42
2507.00;70.47
2506.00;70.51
2505.00;70.54
2504.00;70.58
2503.00;70.62
2502.00;70.68
2501.00;70.75
2500.00;70.82
2499.00;70.88
2498.00;70.95
2497.00;71.01
2496.00;71.07
2495.00;71.15
2494.00;71.24
2493.00;71.33
2492.00;71.41
2491.00;71.48
2490.00;71.54
2489.00;71.59
2488.00;71.63
2487.00;71.69
2486.00;71.74
2485.00;71.79
2484.00;71.82
2483.00;71.84
2482.00;71.88
2481.00;71.95
2480.00;72.04
2479.00;72.11
2478.00;72.15
2477.00;72.18
2476.00;72.22
2475.00;72.27
2474.00;72.31
2473.00;72.35
2472.00;72.38
2471.00;72.43
2470.00;72.48
2469.00;72.52
2468.00;72.55
2467.00;72.60
2466.00;72.67
2465.00;72.73
2464.00;72.79
2463.00;72.85
2462.00;72.92
2461.00;72.98
2460.00;73.03
2459.00;73.06
2458.00;73.10
2457.00;73.13
2456.00;73.18
2455.00;73.24
2454.00;73.29
2453.00;73.33
2452.00;73.35
2451.00;73.36
2450.00;73.38
2449.00;73.42
2448.00;73.46
2447.00;73.50
2446.00;73.53
2445.00;73.58
2444.00;73.63
2443.00;73.70
2442.00;73.75
2441.00;73.79
2440.00;73.83
2439.00;73.87
2438.00;73.92
2437.00;73.97
2436.00;74.02
2435.00;74.05
2434.00;74.08
2433.00;74.10
2432.00;74.13
2431.00;74.17
2430.00;74.20
2429.00;74.24
2428.00;74.29
2427.00;74.35
2426.00;74.41
2425.00;74.46
2424.00;74.48
2423.00;74.49
2422.00;74.49
2421.00;74.50
2420.00;74.54
2419.00;74.59
2418.00;74.66
2417.00;74.71
2416.00;74.75
2415.00;74.77
2414.00;74.78
2413.00;74.79
2412.00;74.80
2411.00;74.82
2410.00;74.85
2409.00;74.89
2408.00;74.93
2407.00;74.98
2406.00;75.04
2405.00;75.10
2404.00;75.16
2403.00;75.22
2402.00;75.26
2401.00;75.29
2400.00;75.31
2399.00;75.34
2398.00;75.37
2397.00;75.41
2396.00;75.45
2395.00;75.50
2394.00;75.55
2393.00;75.60
2392.00;75.62
2391.00;75.63
2390.00;75.65
2389.00;75.69
2388.00;75.75
2387.00;75.83
2386.00;75.90
2385.00;75.96
2384.00;76.01
2383.00;76.06
2382.00;76.12
2381.00;76.19
2380.00;76.26
2379.00;76.34
2378.00;76.39
2377.00;76.44
2376.00;76.47
2375.00;76.52
2374.00;76.55
2373.00;76.57
2372.00;76.58
2371.00;76.60
2370.00;76.62
2369.00;76.64
2368.00;76.67
2367.00;76.72
2366.00;76.77
2365.00;76.82
2364.00;76.85
2363.00;76.85
2362.00;76.84
2361.00;76.86
2360.00;76.90
2359.00;76.98
2358.00;77.06
2357.00;77.11
2356.00;77.14
2355.00;77.14
2354.00;77.12
2353.00;77.12
2352.00;77.15
2351.00;77.21
2350.00;77.27
2349.00;77.29
2348.00;77.29
2347.00;77.31
2346.00;77.37
2345.00;77.45
2344.00;77.52
2343.00;77.52
2342.00;77.49
2341.00;77.45
2340.00;77.44
2339.00;77.46
2338.00;77.50
2337.00;77.54
2336.00;77.57
2335.00;77.61
2334.00;77.64
2333.00;77.65
2332.00;77.65
2331.00;77.66
2330.00;77.69
2329.00;77.74
2328.00;77.76
2327.00;77.76
2326.00;77.73
2325.00;77.71
2324.00;77.71
2323.00;77.72
2322.00;77.73
2321.00;77.72
2320.00;77.71
2319.00;77.71
2318.00;77.72
2317.00;77.74
2316.00;77.76
2315.00;77.78
2314.00;77.78
2313.00;77.76
2312.00;77.74
2311.00;77.72
2310.00;77.71
2309.00;77.72
2308.00;77.74
2307.00;77.75
2306.00;77.74
2305.00;77.72
2304.00;77.70
2303.00;77.72
2302.00;77.76
2301.00;77.80
2300.00;77.83
2299.00;77.84
2298.00;77.85
2297.00;77.86
2296.00;77.90
2295.00;77.93
2294.00;77.94
2293.00;77.93
2292.00;77.91
2291.00;77.90
2290.00;77.90
2289.00;77.89
2288.00;77.88
2287.00;77.88
2286.00;77.89
2285.00;77.89
2284.00;77.89
2283.00;77.88
2282.00;77.85
2281.00;77.79
2280.00;77.75
2279.00;77.75
2278.00;77.79
2277.00;77.85
2276.00;77.90
2275.00;77.93
2274.00;77.92
2273.00;77.90
2272.00;77.90
2271.00;77.92
2270.00;77.95
2269.00;77.98
2268.00;77.99
2267.00;77.97
2266.00;77.96
2265.00;77.97
2264.00;78.01
2263.00;78.08
2262.00;78.14
2261.00;78.17
2260.00;78.17
2259.00;78.16
2258.00;78.13
2257.00;78.09
2256.00;78.05
2255.00;78.02
2254.00;78.01
2253.00;78.04
2252.00;78.12
2251.00;78.23
2250.00;78.35
2249.00;78.44
2248.00;78.46
2247.00;78.43
2246.00;78.36
2245.00;78.28
2244.00;78.20
2243.00;78.15
2242.00;78.13
2241.00;78.13
2240.00;78.15
2239.00;78.19
2238.00;78.25
2237.00;78.31
2236.00;78.35
2235.00;78.35
2234.00;78.33
2233.00;78.31
2232.00;78.32
2231.00;78.38
2230.00;78.46
2229.00;78.54
2228.00;78.61
2227.00;78.65
2226.00;78.66
2225.00;78.63
2224.00;78.59
2223.00;78.57
2222.00;78.57
2221.00;78.55
2220.00;78.52
2219.00;78.50
2218.00;78.50
2217.00;78.53
2216.00;78.58
2215.00;78.62
2214.00;78.63
2213.00;78.62
2212.00;78.62
2211.00;78.64
2210.00;78.67
2209.00;78.67
2208.00;78.63
2207.00;78.61
2206.00;78.61
2205.00;78.64
2204.00;78.64
2203.00;78.62
2202.00;78.59
2201.00;78.58
2200.00;78.60
2199.00;78.63
2198.00;78.64
2197.00;78.64
2196.00;78.62
2195.00;78.61
2194.00;78.61
2193.00;78.61
2192.00;78.61
2191.00;78.58
2190.00;78.51
2189.00;78.40
2188.00;78.33
2187.00;78.34
2186.00;78.40
2185.00;78.45
2184.00;78.46
2183.00;78.45
2182.00;78.46
2181.00;78.54
2180.00;78.69
2179.00;78.86
2178.00;78.97
2177.00;78.99
2176.00;78.99
2175.00;78.99
2174.00;78.98
2173.00;78.95
2172.00;78.91
2171.00;78.88
2170.00;78.82
2169.00;78.72
2168.00;78.63
2167.00;78.61
2166.00;78.64
2165.00;78.68
2164.00;78.70
2163.00;78.72
2162.00;78.73
2161.00;78.73
2160.00;78.75
2159.00;78.82
2158.00;78.91
2157.00;78.96
2156.00;78.97
2155.00;78.98
2154.00;79.02
2153.00;79.06
2152.00;79.13
2151.00;79.20
2150.00;79.25
2149.00;79.26
2148.00;79.26
2147.00;79.28
2146.00;79.35
2145.00;79.44
2144.00;79.53
2143.00;79.60
2142.00;79.61
2141.00;79.55
2140.00;79.46
2139.00;79.41
2138.00;79.45
2137.00;79.53
2136.00;79.64
2135.00;79.76
2134.00;79.87
2133.00;79.94
2132.00;79.97
2131.00;79.99
2130.00;80.02
2129.00;80.08
2128.00;80.15
2127.00;80.21
2126.00;80.25
2125.00;80.26
2124.00;80.26
2123.00;80.26
2122.00;80.26
2121.00;80.24
2120.00;80.22
2119.00;80.24
2118.00;80.27
2117.00;80.30
2116.00;80.30
2115.00;80.28
2114.00;80.26
2113.00;80.25
2112.00;80.25
2111.00;80.26
2110.00;80.25
2109.00;80.23
2108.00;80.19
2107.00;80.15
2106.00;80.11
2105.00;80.09
2104.00;80.11
2103.00;80.15
2102.00;80.20
2101.00;80.25
2100.00;80.29
2099.00;80.32
2098.00;80.34
2097.00;80.35
2096.00;80.37
2095.00;80.41
2094.00;80.44
2093.00;80.45
2092.00;80.45
2091.00;80.46
2090.00;80.47
2089.00;80.46
2088.00;80.44
2087.00;80.43
2086.00;80.44
2085.00;80.47
2084.00;80.53
2083.00;80.61
2082.00;80.69
2081.00;80.73
2080.00;80.72
2079.00;80.70
2078.00;80.68
2077.00;80.67
2076.00;80.68
2075.00;80.74
2074.00;80.80
2073.00;80.82
2072.00;80.80
2071.00;80.77
2070.00;80.75
2069.00;80.74
2068.00;80.73
2067.00;80.72
2066.00;80.70
2065.00;80.67
2064.00;80.65
2063.00;80.65
2062.00;80.69
2061.00;80.72
2060.00;80.75
2059.00;80.79
2058.00;80.83
2057.00;80.82
2056.00;80.77
2055.00;80.70
2054.00;80.65
2053.00;80.62
2052.00;80.61
2051.00;80.62
2050.00;80.63
2049.00;80.62
2048.00;80.62
2047.00;80.64
2046.00;80.67
2045.00;80.67
2044.00;80.65
2043.00;80.63
2042.00;80.63
2041.00;80.64
2040.00;80.65
2039.00;80.67
2038.00;80.69
2037.00;80.70
2036.00;80.76
2035.00;80.87
2034.00;81.01
2033.00;81.08
2032.00;81.09
2031.00;81.09
2030.00;81.12
2029.00;81.18
2028.00;81.25
2027.00;81.32
2026.00;81.39
2025.00;81.44
2024.00;81.48
2023.00;81.52
2022.00;81.55
2021.00;81.55
2020.00;81.53
2019.00;81.55
2018.00;81.59
2017.00;81.63
2016.00;81.65
2015.00;81.69
2014.00;81.70
2013.00;81.66
2012.00;81.57
2011.00;81.46
2010.00;81.39
2009.00;81.37
2008.00;81.42
2007.00;81.50
2006.00;81.56
2005.00;81.57
2004.00;81.57
2003.00;81.62
2002.00;81.72
2001.00;81.83
2000.00;81.92
1999.00;81.98
1998.00;82.00
1997.00;81.97
1996.00;81.90
1995.00;81.87
1994.00;81.85
1993.00;81.83
1992.00;81.81
1991.00;81.84
1990.00;81.91
1989.00;81.99
1988.00;82.03
1987.00;82.05
1986.00;82.05
1985.00;82.02
1984.00;81.98
1983.00;81.92
1982.00;81.84
1981.00;81.73
1980.00;81.66
1979.00;81.71
1978.00;81.85
1977.00;81.97
1976.00;82.00
1975.00;81.94
1974.00;81.84
1973.00;81.75
1972.00;81.75
1971.00;81.81
1970.00;81.85
1969.00;81.80
1968.00;81.68
1967.00;81.59
1966.00;81.58
1965.00;81.62
1964.00;81.69
1963.00;81.80
1962.00;81.92
1961.00;82.01
1960.00;82.05
1959.00;82.06
1958.00;82.03
1957.00;81.96
1956.00;81.89
1955.00;81.86
1954.00;81.87
1953.00;81.87
1952.00;81.87
1951.00;81.88
1950.00;81.89
1949.00;81.89
1948.00;81.86
1947.00;81.86
1946.00;81.86
1945.00;81.86
1944.00;81.86
1943.00;81.88
1942.00;81.94
1941.00;81.99
1940.00;82.00
1939.00;81.98
1938.00;81.94
1937.00;81.89
1936.00;81.87
1935.00;81.89
1934.00;81.97
1933.00;82.07
1932.00;82.17
1931.00;82.28
1930.00;82.40
1929.00;82.50
1928.00;82.55
1927.00;82.56
1926.00;82.55
1925.00;82.54
1924.00;82.57
1923.00;82.65
1922.00;82.75
1921.00;82.83
1920.00;82.86
1919.00;82.87
1918.00;82.87
1917.00;82.89
1916.00;82.93
1915.00;82.98
1914.00;83.01
1913.00;83.02
1912.00;83.02
1911.00;83.05
1910.00;83.08
1909.00;83.10
1908.00;83.14
1907.00;83.21
1906.00;83.31
1905.00;83.38
1904.00;83.41
1903.00;83.41
1902.00;83.41
1901.00;83.39
1900.00;83.40
1899.00;83.43
1898.00;83.47
1897.00;83.47
1896.00;83.45
1895.00;83.43
1894.00;83.43
1893.00;83.44
1892.00;83.44
1891.00;83.46
1890.00;83.49
1889.00;83.53
1888.00;83.59
1887.00;83.65
1886.00;83.70
1885.00;83.71
1884.00;83.72
1883.00;83.76
1882.00;83.81
1881.00;83.85
1880.00;83.87
1879.00;83.88
1878.00;83.88
1877.00;83.86
1876.00;83.84
1875.00;83.85
1874.00;83.86
1873.00;83.84
1872.00;83.79
1871.00;83.77
1870.00;83.81
1869.00;83.88
1868.00;83.99
1867.00;84.09
1866.00;84.17
1865.00;84.20
1864.00;84.20
1863.00;84.21
1862.00;84.22
1861.00;84.22
1860.00;84.22
1859.00;84.23
1858.00;84.25
1857.00;84.28
1856.00;84.30
1855.00;84.33
1854.00;84.35
1853.00;84.35
1852.00;84.34
1851.00;84.34
1850.00;84.35
1849.00;84.37
1848.00;84.38
1847.00;84.41
1846.00;84.46
1845.00;84.54
1844.00;84.63
1843.00;84.71
1842.00;84.72
1841.00;84.67
1840.00;84.60
1839.00;84.56
1838.00;84.55
1837.00;84.54
1836.00;84.55
1835.00;84.58
1834.00;84.62
1833.00;84.63
1832.00;84.64
1831.00;84.67
1830.00;84.73
1829.00;84.79
1828.00;84.82
1827.00;84.81
1826.00;84.80
1825.00;84.78
1824.00;84.77
1823.00;84.77
1822.00;84.77
1821.00;84.77
1820.00;84.77
1819.00;84.79
1818.00;84.82
1817.00;84.86
1816.00;84.90
1815.00;84.95
1814.00;85.00
1813.00;85.02
1812.00;85.03
1811.00;85.06
1810.00;85.12
1809.00;85.20
1808.00;85.26
1807.00;85.33
1806.00;85.38
1805.00;85.43
1804.00;85.46
1803.00;85.52
1802.00;85.60
1801.00;85.70
1800.00;85.81
1799.00;85.93
1798.00;86.02
1797.00;86.08
1796.00;86.11
1795.00;86.15
1794.00;86.23
1793.00;86.32
1792.00;86.44
1791.00;86.57
1790.00;86.68
1789.00;86.73
1788.00;86.75
1787.00;86.79
1786.00;86.86
1785.00;86.94
1784.00;87.02
1783.00;87.09
1782.00;87.16
1781.00;87.21
1780.00;87.25
1779.00;87.31
1778.00;87.37
1777.00;87.41
1776.00;87.45
1775.00;87.52
1774.00;87.63
1773.00;87.78
1772.00;87.91
1771.00;88.01
1770.00;88.04
1769.00;88.02
1768.00;88.00
1767.00;88.05
1766.00;88.12
1765.00;88.15
1764.00;88.15
1763.00;88.18
1762.00;88.26
1761.00;88.35
1760.00;88.39
1759.00;88.40
1758.00;88.43
1757.00;88.48
1756.00;88.54
1755.00;88.58
1754.00;88.57
1753.00;88.52
1752.00;88.45
1751.00;88.42
1750.00;88.41
1749.00;88.35
1748.00;88.25
1747.00;88.14
1746.00;88.03
1745.00;87.88
1744.00;87.69
1743.00;87.54
1742.00;87.43
1741.00;87.32
1740.00;87.17
1739.00;87.02
1738.00;86.84
1737.00;86.61
1736.00;86.35
1735.00;86.08
1734.00;85.81
1733.00;85.48
1732.00;85.05
1731.00;84.59
1730.00;84.16
1729.00;83.72
1728.00;83.25
1727.00;82.79
1726.00;82.32
1725.00;81.82
1724.00;81.29
1723.00;80.81
1722.00;80.37
1721.00;79.93
1720.00;79.42
1719.00;78.85
1718.00;78.20
1717.00;77.44
1716.00;76.62
1715.00;75.79
1714.00;74.95
1713.00;74.06
1712.00;73.14
1711.00;72.22
1710.00;71.33
1709.00;70.45
1708.00;69.57
1707.00;68.67
1706.00;67.74
1705.00;66.83
1704.00;66.03
1703.00;65.37
1702.00;64.67
1701.00;63.65
1700.00;62.40
1699.00;61.32
1698.00;60.42
1697.00;59.43
1696.00;58.22
1695.00;57.04
1694.00;56.06
1693.00;55.18
1692.00;54.28
1691.00;53.31
1690.00;52.31
1689.00;51.36
1688.00;50.55
1687.00;49.89
1686.00;49.24
1685.00;48.41
1684.00;47.49
1683.00;46.88
1682.00;46.63
1681.00;46.57
1680.00;46.66
1679.00;46.92
1678.00;47.36
1677.00;47.98
1676.00;48.82
1675.00;49.82
1674.00;50.83
1673.00;51.76
1672.00;52.65
1671.00;53.59
1670.00;54.61
1669.00;55.65
1668.00;56.59
1667.00;57.35
1666.00;57.97
1665.00;58.57
1664.00;59.19
1663.00;59.81
1662.00;60.37
1661.00;60.84
1660.00;61.25
1659.00;61.62
1658.00;61.94
1657.00;62.24
1656.00;62.53
1655.00;62.81
1654.00;63.08
1653.00;63.41
1652.00;63.77
1651.00;63.94
1650.00;63.97
1649.00;63.97
1648.00;64.00
1647.00;64.05
1646.00;64.12
1645.00;64.20
1644.00;64.24
1643.00;64.25
1642.00;64.24
1641.00;64.23
1640.00;64.23
1639.00;64.24
1638.00;64.22
1637.00;64.15
1636.00;64.05
1635.00;63.95
1634.00;63.84
1633.00;63.68
1632.00;63.52
1631.00;63.36
1630.00;63.20
1629.00;63.02
1628.00;62.84
1627.00;62.67
1626.00;62.52
1625.00;62.38
1624.00;62.22
1623.00;62.02
1622.00;61.82
1621.00;61.65
1620.00;61.51
1619.00;61.39
1618.00;61.25
1617.00;61.09
1616.00;60.91
1615.00;60.73
1614.00;60.50
1613.00;60.25
1612.00;59.97
1611.00;59.68
1610.00;59.40
1609.00;59.13
1608.00;58.89
1607.00;58.65
1606.00;58.43
1605.00;58.22
1604.00;58.01
1603.00;57.80
1602.00;57.57
1601.00;57.36
1600.00;57.17
1599.00;56.98
1598.00;56.77
1597.00;56.53
1596.00;56.25
1595.00;55.95
1594.00;55.62
1593.00;55.28
1592.00;54.91
1591.00;54.52
1590.00;54.12
1589.00;53.75
1588.00;53.42
1587.00;53.13
1586.00;52.91
1585.00;52.75
1584.00;52.68
1583.00;52.70
1582.00;52.82
1581.00;53.02
1580.00;53.26
1579.00;53.51
1578.00;53.75
1577.00;53.97
1576.00;54.15
1575.00;54.27
1574.00;54.34
1573.00;54.36
1572.00;54.36
1571.00;54.33
1570.00;54.25
1569.00;54.13
1568.00;54.02
1567.00;53.92
1566.00;53.81
1565.00;53.72
1564.00;53.66
1563.00;53.65
1562.00;53.68
1561.00;53.72
1560.00;53.66
1559.00;53.44
1558.00;53.29
1557.00;53.24
1556.00;53.14
1555.00;53.00
1554.00;52.86
1553.00;52.75
1552.00;52.64
1551.00;52.51
1550.00;52.36
1549.00;52.25
1548.00;52.18
1547.00;52.11
1546.00;52.01
1545.00;51.87
1544.00;51.75
1543.00;51.67
1542.00;51.62
1541.00;51.47
1540.00;51.20
1539.00;50.92
1538.00;50.71
1537.00;50.56
1536.00;50.42
1535.00;50.24
1534.00;49.98
1533.00;49.70
1532.00;49.49
1531.00;49.35
1530.00;49.23
1529.00;49.10
1528.00;48.98
1527.00;48.86
1526.00;48.77
1525.00;48.73
1524.00;48.72
1523.00;48.70
1522.00;48.64
1521.00;48.61
1520.00;48.66
1519.00;48.77
1518.00;48.88
1517.00;48.99
1516.00;49.14
1515.00;49.35
1514.00;49.61
1513.00;49.89
1512.00;50.18
1511.00;50.45
1510.00;50.69
1509.00;50.87
1508.00;50.93
1507.00;50.84
1506.00;50.77
1505.00;50.78
1504.00;50.78
1503.00;50.78
1502.00;50.81
1501.00;50.88
1500.00;51.00
1499.00;51.14
1498.00;51.29
1497.00;51.45
1496.00;51.63
1495.00;51.83
1494.00;52.05
1493.00;52.26
1492.00;52.45
1491.00;52.62
1490.00;52.78
1489.00;52.97
1488.00;53.19
1487.00;53.42
1486.00;53.64
1485.00;53.85
1484.00;54.05
1483.00;54.24
1482.00;54.42
1481.00;54.62
1480.00;54.83
1479.00;55.05
1478.00;55.27
1477.00;55.48
1476.00;55.67
1475.00;55.84
1474.00;55.99
1473.00;56.17
1472.00;56.38
1471.00;56.60
1470.00;56.79
1469.00;56.96
1468.00;57.14
1467.00;57.33
1466.00;57.52
1465.00;57.74
1464.00;57.98
1463.00;58.22
1462.00;58.46
1461.00;58.70
1460.00;58.95
1459.00;59.21
1458.00;59.47
1457.00;59.77
1456.00;60.08
1455.00;60.33
1454.00;60.52
1453.00;60.69
1452.00;60.86
1451.00;61.04
1450.00;61.22
1449.00;61.39
1448.00;61.52
1447.00;61.63
1446.00;61.71
1445.00;61.74
1444.00;61.69
1443.00;61.54
1442.00;61.31
1441.00;61.00
1440.00;60.60
1439.00;60.07
1438.00;59.31
1437.00;58.22
1436.00;56.94
1435.00;55.72
1434.00;54.61
1433.00;53.53
1432.00;52.41
1431.00;51.32
1430.00;50.34
1429.00;49.50
1428.00;48.86
1427.00;48.44
1426.00;48.16
1425.00;47.96
1424.00;47.81
1423.00;47.76
1422.00;47.79
1421.00;47.81
1420.00;47.79
1419.00;47.76
1418.00;47.79
1417.00;47.87
1416.00;48.00
1415.00;48.18
1414.00;48.42
1413.00;48.66
1412.00;48.92
1411.00;49.22
1410.00;49.57
1409.00;49.92
1408.00;50.28
1407.00;50.64
1406.00;51.00
1405.00;51.36
1404.00;51.73
1403.00;52.14
1402.00;52.54
1401.00;52.94
1400.00;53.35
1399.00;53.78
1398.00;54.21
1397.00;54.60
1396.00;54.97
1395.00;55.37
1394.00;55.77
1393.00;56.16
1392.00;56.53
1391.00;56.86
1390.00;57.17
1389.00;57.49
1388.00;57.83
1387.00;58.19
1386.00;58.57
1385.00;58.93
1384.00;59.28
1383.00;59.62
1382.00;59.95
1381.00;60.26
1380.00;60.55
1379.00;60.83
1378.00;61.11
1377.00;61.39
1376.00;61.68
1375.00;61.96
1374.00;62.24
1373.00;62.51
1372.00;62.78
1371.00;63.05
1370.00;63.31
1369.00;63.57
1368.00;63.84
1367.00;64.12
1366.00;64.37
1365.00;64.61
1364.00;64.83
1363.00;65.06
1362.00;65.32
1361.00;65.60
1360.00;65.89
1359.00;66.17
1358.00;66.43
1357.00;66.70
1356.00;66.99
1355.00;67.30
1354.00;67.62
1353.00;67.93
1352.00;68.23
1351.00;68.51
1350.00;68.77
1349.00;69.01
1348.00;69.23
1347.00;69.43
1346.00;69.61
1345.00;69.77
1344.00;69.89
1343.00;69.96
1342.00;69.96
1341.00;69.89
1340.00;69.78
1339.00;69.64
1338.00;69.49
1337.00;69.30
1336.00;69.03
1335.00;68.64
1334.00;68.12
1333.00;67.48
1332.00;66.72
1331.00;65.86
1330.00;64.89
1329.00;63.85
1328.00;62.76
1327.00;61.68
1326.00;60.66
1325.00;59.74
1324.00;58.94
1323.00;58.29
1322.00;57.80
1321.00;57.43
1320.00;57.14
1319.00;56.90
1318.00;56.70
1317.00;56.50
1316.00;56.30
1315.00;56.08
1314.00;55.81
1313.00;55.49
1312.00;55.14
1311.00;54.76
1310.00;54.36
1309.00;53.94
1308.00;53.48
1307.00;52.99
1306.00;52.46
1305.00;51.85
1304.00;51.17
1303.00;50.43
1302.00;49.65
1301.00;48.86
1300.00;48.09
1299.00;47.37
1298.00;46.70
1297.00;46.08
1296.00;45.52
1295.00;45.02
1294.00;44.58
1293.00;44.17
1292.00;43.80
1291.00;43.45
1290.00;43.12
1289.00;42.81
1288.00;42.50
1287.00;42.22
1286.00;41.97
1285.00;41.74
1284.00;41.55
1283.00;41.38
1282.00;41.25
1281.00;41.13
1280.00;41.03
1279.00;40.98
1278.00;40.97
1277.00;40.99
1276.00;41.03
1275.00;41.09
1274.00;41.19
1273.00;41.30
1272.00;41.42
1271.00;41.56
1270.00;41.72
1269.00;41.88
1268.00;42.06
1267.00;42.26
1266.00;42.49
1265.00;42.72
1264.00;42.97
1263.00;43.23
1262.00;43.49
1261.00;43.77
1260.00;44.05
1259.00;44.35
1258.00;44.67
1257.00;44.98
1256.00;45.29
1255.00;45.59
1254.00;45.89
1253.00;46.17
1252.00;46.43
1251.00;46.65
1250.00;46.84
1249.00;46.96
1248.00;47.04
1247.00;47.08
1246.00;47.08
1245.00;47.04
1244.00;46.96
1243.00;46.86
1242.00;46.77
1241.00;46.67
1240.00;46.56
1239.00;46.42
1238.00;46.26
1237.00;46.07
1236.00;45.86
1235.00;45.62
1234.00;45.37
1233.00;45.09
1232.00;44.77
1231.00;44.42
1230.00;44.08
1229.00;43.77
1228.00;43.56
1227.00;43.47
1226.00;43.50
1225.00;43.62
1224.00;43.80
1223.00;44.04
1222.00;44.31
1221.00;44.60
1220.00;44.91
1219.00;45.26
1218.00;45.63
1217.00;46.00
1216.00;46.35
1215.00;46.69
1214.00;47.04
1213.00;47.39
1212.00;47.75
1211.00;48.11
1210.00;48.46
1209.00;48.79
1208.00;49.12
1207.00;49.45
1206.00;49.80
1205.00;50.14
1204.00;50.48
1203.00;50.83
1202.00;51.19
1201.00;51.55
1200.00;51.90
1199.00;52.22
1198.00;52.52
1197.00;52.79
1196.00;53.00
1195.00;53.14
1194.00;53.22
1193.00;53.22
1192.00;53.17
1191.00;53.05
1190.00;52.89
1189.00;52.67
1188.00;52.42
1187.00;52.18
1186.00;51.97
1185.00;51.77
1184.00;51.60
1183.00;51.49
1182.00;51.45
1181.00;51.48
1180.00;51.59
1179.00;51.78
1178.00;52.03
1177.00;52.34
1176.00;52.68
1175.00;53.04
1174.00;53.40
1173.00;53.76
1172.00;54.11
1171.00;54.47
1170.00;54.83
1169.00;55.19
1168.00;55.52
1167.00;55.82
1166.00;56.12
1165.00;56.41
1164.00;56.68
1163.00;56.93
1162.00;57.18
1161.00;57.42
1160.00;57.67
1159.00;57.93
1158.00;58.20
1157.00;58.46
1156.00;58.70
1155.00;58.93
1154.00;59.18
1153.00;59.44
1152.00;59.70
1151.00;59.97
1150.00;60.25
1149.00;60.56
1148.00;60.88
1147.00;61.20
1146.00;61.52
1145.00;61.83
1144.00;62.13
1143.00;62.43
1142.00;62.75
1141.00;63.07
1140.00;63.35
1139.00;63.55
1138.00;63.65
1137.00;63.64
1136.00;63.48
1135.00;63.11
1134.00;62.47
1133.00;61.53
1132.00;60.34
1131.00;59.06
1130.00;57.85
1129.00;56.85
1128.00;56.07
1127.00;55.47
1126.00;54.96
1125.00;54.46
1124.00;53.87
1123.00;53.10
1122.00;52.14
1121.00;51.04
1120.00;49.92
1119.00;48.96
1118.00;48.30
1117.00;47.98
1116.00;47.98
1115.00;48.23
1114.00;48.65
1113.00;49.15
1112.00;49.71
1111.00;50.31
1110.00;50.96
1109.00;51.63
1108.00;52.29
1107.00;52.94
1106.00;53.57
1105.00;54.19
1104.00;54.78
1103.00;55.33
1102.00;55.84
1101.00;56.31
1100.00;56.74
1099.00;57.15
1098.00;57.52
1097.00;57.84
1096.00;58.09
1095.00;58.25
1094.00;58.28
1093.00;58.15
1092.00;57.85
1091.00;57.40
1090.00;56.86
1089.00;56.24
1088.00;55.60
1087.00;55.01
1086.00;54.55
1085.00;54.28
1084.00;54.24
1083.00;54.42
1082.00;54.80
1081.00;55.33
1080.00;55.94
1079.00;56.56
1078.00;57.14
1077.00;57.65
1076.00;58.10
1075.00;58.51
1074.00;58.87
1073.00;59.19
1072.00;59.41
1071.00;59.53
1070.00;59.57
1069.00;59.56
1068.00;59.51
1067.00;59.41
1066.00;59.25
1065.00;59.06
1064.00;58.86
1063.00;58.65
1062.00;58.45
1061.00;58.27
1060.00;58.12
1059.00;58.03
1058.00;57.96
1057.00;57.89
1056.00;57.80
1055.00;57.70
1054.00;57.62
1053.00;57.57
1052.00;57.59
1051.00;57.68
1050.00;57.83
1049.00;58.02
1048.00;58.26
1047.00;58.54
1046.00;58.85
1045.00;59.18
1044.00;59.52
1043.00;59.87
1042.00;60.22
1041.00;60.56
1040.00;60.88
1039.00;61.19
1038.00;61.47
1037.00;61.72
1036.00;61.96
1035.00;62.21
1034.00;62.48
1033.00;62.75
1032.00;63.01
1031.00;63.25
1030.00;63.49
1029.00;63.75
1028.00;64.02
1027.00;64.29
1026.00;64.57
1025.00;64.86
1024.00;65.12
1023.00;65.30
1022.00;65.32
1021.00;65.05
1020.00;64.31
1019.00;62.91
1018.00;60.71
1017.00;57.83
1016.00;54.71
1015.00;52.03
1014.00;50.34
1013.00;49.78
1012.00;50.11
1011.00;50.99
1010.00;52.12
1009.00;53.35
1008.00;54.56
1007.00;55.64
1006.00;56.52
1005.00;57.22
1004.00;57.76
1003.00;58.20
1002.00;58.56
1001.00;58.87
1000.00;59.12
999.00;59.31
998.00;59.42
997.00;59.49
996.00;59.51
995.00;59.51
994.00;59.50
993.00;59.49
992.00;59.48
991.00;59.48
990.00;59.47
989.00;59.43
988.00;59.36
987.00;59.28
986.00;59.19
985.00;59.10
984.00;59.01
983.00;58.91
982.00;58.82
981.00;58.75
980.00;58.67
979.00;58.59
978.00;58.50
977.00;58.38
976.00;58.27
975.00;58.16
974.00;58.06
973.00;57.99
972.00;57.96
971.00;57.98
970.00;58.06
969.00;58.13
968.00;58.17
967.00;58.14
966.00;58.06
965.00;57.94
964.00;57.80
963.00;57.67
962.00;57.55
961.00;57.41
960.00;57.27
959.00;57.10
958.00;56.94
957.00;56.78
956.00;56.61
955.00;56.46
954.00;56.33
953.00;56.22
952.00;56.11
951.00;56.00
950.00;55.88
949.00;55.75
948.00;55.63
947.00;55.52
946.00;55.41
945.00;55.28
944.00;55.13
943.00;54.95
942.00;54.77
941.00;54.59
940.00;54.42
939.00;54.23
938.00;54.04
937.00;53.83
936.00;53.63
935.00;53.46
934.00;53.31
933.00;53.20
932.00;53.10
931.00;53.01
930.00;52.92
929.00;52.82
928.00;52.73
927.00;52.67
926.00;52.64
925.00;52.64
924.00;52.66
923.00;52.69
922.00;52.73
921.00;52.80
920.00;52.91
919.00;53.05
918.00;53.19
917.00;53.33
916.00;53.47
915.00;53.63
914.00;53.82
913.00;54.01
912.00;54.19
911.00;54.38
910.00;54.58
909.00;54.80
908.00;55.01
907.00;55.22
906.00;55.44
905.00;55.66
904.00;55.90
903.00;56.13
902.00;56.37
901.00;56.60
900.00;56.82
899.00;57.05
898.00;57.27
897.00;57.50
896.00;57.74
895.00;58.00
894.00;58.27
893.00;58.54
892.00;58.77
891.00;58.98
890.00;59.21
889.00;59.46
888.00;59.74
887.00;60.05
886.00;60.38
885.00;60.75
884.00;61.14
883.00;61.53
882.00;61.90
881.00;62.20
880.00;62.39
879.00;62.46
878.00;62.40
877.00;62.21
876.00;61.86
875.00;61.30
874.00;60.50
873.00;59.39
872.00;57.87
871.00;55.90
870.00;53.56
869.00;51.16
868.00;49.17
867.00;48.02
866.00;47.85
865.00;48.43
864.00;49.40
863.00;50.40
862.00;51.25
861.00;51.85
860.00;52.18
859.00;52.24
858.00;52.08
857.00;51.79
856.00;51.54
855.00;51.52
854.00;51.84
853.00;52.47
852.00;53.27
851.00;54.07
850.00;54.79
849.00;55.38
848.00;55.84
847.00;56.22
846.00;56.53
845.00;56.81
844.00;57.05
843.00;57.27
842.00;57.49
841.00;57.74
840.00;58.03
839.00;58.36
838.00;58.71
837.00;59.02
836.00;59.22
835.00;59.25
834.00;59.17
833.00;59.08
832.00;59.11
831.00;59.31
830.00;59.64
829.00;60.01
828.00;60.36
827.00;60.64
826.00;60.86
825.00;61.02
824.00;61.16
823.00;61.32
822.00;61.52
821.00;61.75
820.00;61.98
819.00;62.17
818.00;62.31
817.00;62.45
816.00;62.60
815.00;62.75
814.00;62.88
813.00;62.97
812.00;63.01
811.00;63.01
810.00;62.98
809.00;62.90
808.00;62.72
807.00;62.39
806.00;61.92
805.00;61.40
804.00;60.94
803.00;60.67
802.00;60.61
801.00;60.66
800.00;60.72
799.00;60.74
798.00;60.78
797.00;60.96
796.00;61.34
795.00;61.85
794.00;62.38
793.00;62.83
792.00;63.19
791.00;63.51
790.00;63.86
789.00;64.26
788.00;64.67
787.00;65.07
786.00;65.48
785.00;65.92
784.00;66.42
783.00;66.94
782.00;67.43
781.00;67.80
780.00;67.98
779.00;67.95
778.00;67.69
777.00;67.24
776.00;66.62
775.00;65.90
774.00;65.08
773.00;64.10
772.00;62.86
771.00;61.27
770.00;59.34
769.00;57.16
768.00;54.85
767.00;52.53
766.00;50.33
765.00;48.29
764.00;46.40
763.00;44.63
762.00;42.97
761.00;41.39
760.00;39.91
759.00;38.55
758.00;37.35
757.00;36.31
756.00;35.31
755.00;34.28
754.00;33.22
753.00;32.28
752.00;31.67
751.00;31.51
750.00;31.74
749.00;32.23
748.00;32.85
747.00;33.56
746.00;34.34
745.00;35.13
744.00;35.92
743.00;36.69
742.00;37.45
741.00;38.20
740.00;38.92
739.00;39.62
738.00;40.29
737.00;40.92
736.00;41.52
735.00;42.10
734.00;42.67
733.00;43.21
732.00;43.71
731.00;44.17
730.00;44.62
729.00;45.04
728.00;45.45
727.00;45.83
726.00;46.22
725.00;46.61
724.00;46.98
723.00;47.29
722.00;47.51
721.00;47.68
720.00;47.82
719.00;47.96
718.00;48.08
717.00;48.14
716.00;48.13
715.00;48.07
714.00;47.94
713.00;47.74
712.00;47.44
711.00;47.01
710.00;46.41
709.00;45.67
708.00;44.86
707.00;44.13
706.00;43.64
705.00;43.48
704.00;43.69
703.00;44.20
702.00;44.89
701.00;45.59
700.00;46.22
699.00;46.76
698.00;47.25
697.00;47.72
696.00;48.21
695.00;48.68
694.00;49.13
693.00;49.56
692.00;49.96
691.00;50.31
690.00;50.61
689.00;50.84
688.00;51.03
687.00;51.19
686.00;51.31
685.00;51.38
684.00;51.42
683.00;51.44
682.00;51.47
681.00;51.54
680.00;51.68
679.00;51.90
678.00;52.19
677.00;52.50
676.00;52.81
675.00;53.08
674.00;53.28
673.00;53.41
672.00;53.53
671.00;53.70
670.00;53.92
669.00;54.11
668.00;54.14
667.00;54.05
666.00;54.00
665.00;54.07
664.00;54.18
663.00;54.29
662.00;54.37
661.00;54.44
660.00;54.54
659.00;54.65
658.00;54.77
657.00;54.89
656.00;54.99
655.00;55.07
654.00;55.16
653.00;55.26
652.00;55.34
651.00;55.38
650.00;55.39
649.00;55.38
648.00;55.41
647.00;55.50
646.00;55.64
645.00;55.80
644.00;55.93
643.00;56.03
642.00;56.13
641.00;56.27
640.00;56.43
639.00;56.53
638.00;56.44
637.00;56.05
636.00;55.36
635.00;54.58
634.00;54.01
633.00;53.88
632.00;54.16
631.00;54.65
630.00;55.15
629.00;55.53
628.00;55.78
627.00;55.96
626.00;56.15
625.00;56.37
624.00;56.62
623.00;56.85
622.00;57.03
621.00;57.16
620.00;57.26
619.00;57.33
618.00;57.39
617.00;57.47
616.00;57.55
615.00;57.60
614.00;57.61
613.00;57.58
612.00;57.57
611.00;57.57
610.00;57.59
609.00;57.64
608.00;57.71
607.00;57.79
606.00;57.83
605.00;57.82
604.00;57.82
603.00;57.88
602.00;58.01
601.00;58.17
600.00;58.30
599.00;58.37
598.00;58.42
597.00;58.51
596.00;58.67
595.00;58.84
594.00;58.95
593.00;58.95
592.00;58.87
591.00;58.75
590.00;58.64
589.00;58.59
588.00;58.60
587.00;58.63
586.00;58.63
585.00;58.59
584.00;58.55
583.00;58.57
582.00;58.63
581.00;58.73
580.00;58.84
579.00;58.92
578.00;58.93
577.00;58.84
576.00;58.66
575.00;58.44
574.00;58.22
573.00;58.03
572.00;57.85
571.00;57.62
570.00;57.32
569.00;56.94
568.00;56.50
567.00;56.06
566.00;55.64
565.00;55.24
564.00;54.78
563.00;54.23
562.00;53.61
561.00;53.02
560.00;52.52
559.00;52.12
558.00;51.77
557.00;51.38
556.00;50.88
555.00;50.31
554.00;49.71
553.00;49.15
552.00;48.66
551.00;48.28
550.00;48.04
549.00;47.87
548.00;47.68
547.00;47.48
546.00;47.36
545.00;47.37
544.00;47.49
543.00;47.68
542.00;47.92
541.00;48.19
540.00;48.49
539.00;48.78
538.00;49.02
537.00;49.20
536.00;49.29
535.00;49.31
534.00;49.33
533.00;49.43
532.00;49.61
531.00;49.79
530.00;49.88
529.00;49.91
528.00;49.98
527.00;50.10
526.00;50.17
525.00;50.15
524.00;50.06
523.00;49.99
522.00;49.94
521.00;49.89
520.00;49.84
519.00;49.82
518.00;49.84
517.00;49.84
516.00;49.80
515.00;49.74
514.00;49.68
513.00;49.61
512.00;49.49
511.00;49.37
510.00;49.30
509.00;49.32
508.00;49.41
507.00;49.54
506.00;49.65
505.00;49.76
504.00;49.85
503.00;49.94
502.00;50.06
501.00;50.24
500.00;50.55
499.00;50.95
498.00;51.37
497.00;51.73
496.00;52.02
495.00;52.26
494.00;52.41
493.00;52.46
492.00;52.47
491.00;52.57
490.00;52.77
489.00;53.00
488.00;53.21
487.00;53.39
486.00;53.56
485.00;53.65
484.00;53.65
483.00;53.66
482.00;53.80
481.00;54.07
480.00;54.35
479.00;54.46
478.00;54.34
477.00;54.06
476.00;53.72
475.00;53.32
474.00;52.74
473.00;51.93
472.00;51.09
471.00;50.47
470.00;50.13
469.00;49.88
468.00;49.54
467.00;49.12
466.00;48.71
465.00;48.38
464.00;48.10
463.00;47.84
462.00;47.56
461.00;47.32
460.00;47.24
459.00;47.38
458.00;47.58
457.00;47.59
456.00;47.42
455.00;47.26
454.00;47.20
453.00;47.17
452.00;47.12
451.00;47.05
450.00;46.97
449.00;46.81
448.00;46.56
447.00;46.30
446.00;46.04
445.00;45.72
444.00;45.31
443.00;44.95
442.00;44.74
441.00;44.66
440.00;44.69
439.00;44.96
438.00;45.52
437.00;46.23
436.00;46.82
435.00;47.08
434.00;47.02
433.00;46.84
432.00;46.82
431.00;47.12
430.00;47.63
429.00;48.10
428.00;48.42
427.00;48.67
426.00;48.92
425.00;49.11
424.00;49.26
423.00;49.41
422.00;49.57
421.00;49.62
420.00;49.54
419.00;49.47
418.00;49.61
417.00;49.89
416.00;50.20
415.00;50.49
414.00;50.67
413.00;50.60
412.00;50.36
411.00;50.22
410.00;50.32
409.00;50.51
408.00;50.57
407.00;50.36
406.00;49.83
405.00;48.97
404.00;48.02
403.00;47.43
402.00;47.48
401.00;48.03
400.00;48.73
