4000.00;98.10
3999.00;98.11
3998.00;98.12
3997.00;98.12
3996.00;98.10
3995.00;98.08
3994.00;98.05
3993.00;98.03
3992.00;98.03
3991.00;98.05
3990.00;98.05
3989.00;98.04
3988.00;98.00
3987.00;97.97
3986.00;97.96
3985.00;97.97
3984.00;97.98
3983.00;97.99
3982.00;98.00
3981.00;98.00
3980.00;98.00
3979.00;98.00
3978.00;98.01
3977.00;98.02
3976.00;98.03
3975.00;98.03
3974.00;98.03
3973.00;98.01
3972.00;97.99
3971.00;97.98
3970.00;97.98
3969.00;97.99
3968.00;98.02
3967.00;98.04
3966.00;98.05
3965.00;98.06
3964.00;98.05
3963.00;98.04
3962.00;98.05
3961.00;98.08
3960.00;98.13
3959.00;98.16
3958.00;98.18
3957.00;98.17
3956.00;98.13
3955.00;98.06
3954.00;97.99
3953.00;97.92
3952.00;97.89
3951.00;97.90
3950.00;97.96
3949.00;98.05
3948.00;98.11
3947.00;98.15
3946.00;98.14
3945.00;98.13
3944.00;98.12
3943.00;98.13
3942.00;98.15
3941.00;98.16
3940.00;98.17
3939.00;98.17
3938.00;98.17
3937.00;98.17
3936.00;98.16
3935.00;98.15
3934.00;98.14
3933.00;98.15
3932.00;98.18
3931.00;98.20
3930.00;98.20
3929.00;98.18
3928.00;98.15
3927.00;98.13
3926.00;98.14
3925.00;98.16
3924.00;98.20
3923.00;98.24
3922.00;98.25
3921.00;98.25
3920.00;98.23
3919.00;98.21
3918.00;98.18
3917.00;98.17
3916.00;98.18
3915.00;98.18
3914.00;98.16
3913.00;98.14
3912.00;98.12
3911.00;98.11
3910.00;98.11
3909.00;98.11
3908.00;98.12
3907.00;98.14
3906.00;98.16
3905.00;98.18
3904.00;98.20
3903.00;98.21
3902.00;98.20
3901.00;98.19
3900.00;98.20
3899.00;98.23
3898.00;98.26
3897.00;98.29
3896.00;98.31
3895.00;98.32
3894.00;98.31
3893.00;98.29
3892.00;98.26
3891.00;98.27
3890.00;98.27
3889.00;98.26
3888.00;98.22
3887.00;98.19
3886.00;98.20
3885.00;98.24
3884.00;98.25
3883.00;98.21
3882.00;98.16
3881.00;98.15
3880.00;98.18
3879.00;98.23
3878.00;98.24
3877.00;98.21
3876.00;98.19
3875.00;98.19
3874.00;98.21
3873.00;98.20
3872.00;98.15
3871.00;98.13
3870.00;98.18
3869.00;98.28
3868.00;98.35
3867.00;98.36
3866.00;98.34
3865.00;98.33
3864.00;98.33
3863.00;98.31
3862.00;98.29
3861.00;98.27
3860.00;98.25
3859.00;98.25
3858.00;98.25
3857.00;98.26
3856.00;98.26
3855.00;98.23
3854.00;98.21
3853.00;98.23
3852.00;98.24
3851.00;98.20
3850.00;98.16
3849.00;98.16
3848.00;98.18
3847.00;98.19
3846.00;98.20
3845.00;98.21
3844.00;98.23
3843.00;98.27
3842.00;98.30
3841.00;98.30
3840.00;98.27
3839.00;98.21
3838.00;98.16
3837.00;98.14
3836.00;98.14
3835.00;98.16
3834.00;98.17
3833.00;98.17
3832.00;98.17
3831.00;98.18
3830.00;98.18
3829.00;98.16
3828.00;98.13
3827.00;98.12
3826.00;98.14
3825.00;98.17
3824.00;98.19
3823.00;98.21
3822.00;98.27
3821.00;98.36
3820.00;98.43
3819.00;98.41
3818.00;98.33
3817.00;98.25
3816.00;98.23
3815.00;98.25
3814.00;98.25
3813.00;98.24
3812.00;98.24
3811.00;98.26
3810.00;98.27
3809.00;98.25
3808.00;98.23
3807.00;98.24
3806.00;98.27
3805.00;98.27
3804.00;98.24
3803.00;98.22
3802.00;98.22
3801.00;98.26
3800.00;98.28
3799.00;98.25
3798.00;98.21
3797.00;98.19
3796.00;98.18
3795.00;98.16
3794.00;98.13
3793.00;98.11
3792.00;98.14
3791.00;98.21
3790.00;98.29
3789.00;98.36
3788.00;98.39
3787.00;98.38
3786.00;98.34
3785.00;98.31
3784.00;98.30
3783.00;98.28
3782.00;98.25
3781.00;98.22
3780.00;98.21
3779.00;98.22
3778.00;98.25
3777.00;98.26
3776.00;98.27
3775.00;98.28
3774.00;98.30
3773.00;98.29
3772.00;98.26
3771.00;98.25
3770.00;98.27
3769.00;98.31
3768.00;98.33
3767.00;98.33
3766.00;98.34
3765.00;98.37
3764.00;98.40
3763.00;98.40
3762.00;98.38
3761.00;98.35
3760.00;98.34
3759.00;98.33
3758.00;98.32
3757.00;98.32
3756.00;98.32
3755.00;98.32
3754.00;98.34
3753.00;98.37
3752.00;98.39
3751.00;98.37
3750.00;98.36
3749.00;98.35
3748.00;98.33
3747.00;98.28
3746.00;98.22
3745.00;98.19
3744.00;98.23
3743.00;98.26
3742.00;98.24
3741.00;98.21
3740.00;98.24
3739.00;98.28
3738.00;98.30
3737.00;98.29
3736.00;98.27
3735.00;98.25
3734.00;98.22
3733.00;98.21
3732.00;98.22
3731.00;98.23
3730.00;98.23
3729.00;98.23
3728.00;98.26
3727.00;98.31
3726.00;98.38
3725.00;98.43
3724.00;98.44
3723.00;98.45
3722.00;98.46
3721.00;98.47
3720.00;98.44
3719.00;98.39
3718.00;98.33
3717.00;98.28
3716.00;98.25
3715.00;98.22
3714.00;98.20
3713.00;98.19
3712.00;98.20
3711.00;98.22
3710.00;98.24
3709.00;98.25
3708.00;98.24
3707.00;98.22
3706.00;98.19
3705.00;98.17
3704.00;98.16
3703.00;98.14
3702.00;98.12
3701.00;98.11
3700.00;98.11
3699.00;98.10
3698.00;98.10
3697.00;98.09
3696.00;98.09
3695.00;98.07
3694.00;98.04
3693.00;98.01
3692.00;97.97
3691.00;97.94
3690.00;97.89
3689.00;97.85
3688.00;97.82
3687.00;97.79
3686.00;97.75
3685.00;97.72
3684.00;97.71
3683.00;97.70
3682.00;97.68
3681.00;97.64
3680.00;97.61
3679.00;97.60
3678.00;97.58
3677.00;97.54
3676.00;97.50
3675.00;97.47
3674.00;97.42
3673.00;97.30
3672.00;97.17
3671.00;97.09
3670.00;97.09
3669.00;97.16
3668.00;97.21
3667.00;97.22
3666.00;97.18
3665.00;97.11
3664.00;97.02
3663.00;96.94
3662.00;96.90
3661.00;96.87
3660.00;96.82
3659.00;96.72
3658.00;96.60
3657.00;96.51
3656.00;96.50
3655.00;96.53
3654.00;96.53
3653.00;96.50
3652.00;96.44
3651.00;96.37
3650.00;96.27
3649.00;96.16
3648.00;96.08
3647.00;96.03
3646.00;95.98
3645.00;95.91
3644.00;95.80
3643.00;95.68
3642.00;95.58
3641.00;95.52
3640.00;95.50
3639.00;95.49
3638.00;95.46
3637.00;95.41
3636.00;95.33
3635.00;95.25
3634.00;95.19
3633.00;95.14
3632.00;95.06
3631.00;94.96
3630.00;94.85
3629.00;94.77
3628.00;94.73
3627.00;94.66
3626.00;94.57
3625.00;94.52
3624.00;94.51
3623.00;94.53
3622.00;94.51
3621.00;94.46
3620.00;94.36
3619.00;94.26
3618.00;94.17
3617.00;94.08
3616.00;94.00
3615.00;93.92
3614.00;93.86
3613.00;93.81
3612.00;93.75
3611.00;93.69
3610.00;93.63
3609.00;93.59
3608.00;93.58
3607.00;93.56
3606.00;93.51
3605.00;93.42
3604.00;93.33
3603.00;93.25
3602.00;93.18
3601.00;93.11
3600.00;93.02
3599.00;92.92
3598.00;92.83
3597.00;92.78
3596.00;92.78
3595.00;92.79
3594.00;92.79
3593.00;92.76
3592.00;92.70
3591.00;92.63
3590.00;92.54
3589.00;92.46
3588.00;92.38
3587.00;92.31
3586.00;92.25
3585.00;92.16
3584.00;92.08
3583.00;92.01
3582.00;91.95
3581.00;91.89
3580.00;91.83
3579.00;91.77
3578.00;91.72
3577.00;91.66
3576.00;91.60
3575.00;91.54
3574.00;91.49
3573.00;91.45
3572.00;91.41
3571.00;91.36
3570.00;91.32
3569.00;91.27
3568.00;91.25
3567.00;91.25
3566.00;91.26
3565.00;91.25
3564.00;91.21
3563.00;91.14
3562.00;91.04
3561.00;90.93
3560.00;90.84
3559.00;90.76
3558.00;90.69
3557.00;90.62
3556.00;90.54
3555.00;90.47
3554.00;90.40
3553.00;90.36
3552.00;90.34
3551.00;90.34
3550.00;90.33
3549.00;90.30
3548.00;90.25
3547.00;90.20
3546.00;90.15
3545.00;90.10
3544.00;90.03
3543.00;89.96
3542.00;89.91
3541.00;89.87
3540.00;89.84
3539.00;89.80
3538.00;89.74
3537.00;89.67
3536.00;89.61
3535.00;89.55
3534.00;89.50
3533.00;89.45
3532.00;89.42
3531.00;89.41
3530.00;89.41
3529.00;89.41
3528.00;89.41
3527.00;89.41
3526.00;89.37
3525.00;89.31
3524.00;89.23
3523.00;89.13
3522.00;89.04
3521.00;88.98
3520.00;88.95
3519.00;88.96
3518.00;88.97
3517.00;88.95
3516.00;88.89
3515.00;88.81
3514.00;88.72
3513.00;88.66
3512.00;88.63
3511.00;88.61
3510.00;88.59
3509.00;88.56
3508.00;88.53
3507.00;88.47
3506.00;88.41
3505.00;88.37
3504.00;88.35
3503.00;88.35
3502.00;88.35
3501.00;88.32
3500.00;88.27
3499.00;88.21
3498.00;88.15
3497.00;88.12
3496.00;88.10
3495.00;88.09
3494.00;88.08
3493.00;88.06
3492.00;88.04
3491.00;88.01
3490.00;87.99
3489.00;87.95
3488.00;87.91
3487.00;87.87
3486.00;87.83
3485.00;87.80
3484.00;87.80
3483.00;87.82
3482.00;87.83
3481.00;87.80
3480.00;87.76
3479.00;87.70
3478.00;87.65
3477.00;87.63
3476.00;87.62
3475.00;87.61
3474.00;87.57
3473.00;87.52
3472.00;87.47
3471.00;87.43
3470.00;87.40
3469.00;87.37
3468.00;87.33
3467.00;87.28
3466.00;87.26
3465.00;87.25
3464.00;87.24
3463.00;87.22
3462.00;87.19
3461.00;87.15
3460.00;87.11
3459.00;87.07
3458.00;87.03
3457.00;87.00
3456.00;86.96
3455.00;86.93
3454.00;86.89
3453.00;86.84
3452.00;86.80
3451.00;86.77
3450.00;86.75
3449.00;86.74
3448.00;86.73
3447.00;86.72
3446.00;86.71
3445.00;86.69
3444.00;86.64
3443.00;86.57
3442.00;86.49
3441.00;86.44
3440.00;86.43
3439.00;86.46
3438.00;86.51
3437.00;86.54
3436.00;86.54
3435.00;86.51
3434.00;86.47
3433.00;86.44
3432.00;86.42
3431.00;86.39
3430.00;86.35
3429.00;86.32
3428.00;86.30
3427.00;86.30
3426.00;86.29
3425.00;86.27
3424.00;86.22
3423.00;86.17
3422.00;86.13
3421.00;86.09
3420.00;86.06
3419.00;86.03
3418.00;86.02
3417.00;86.03
3416.00;86.05
3415.00;86.08
3414.00;86.10
3413.00;86.10
3412.00;86.07
3411.00;86.03
3410.00;85.98
3409.00;85.92
3408.00;85.89
3407.00;85.87
3406.00;85.88
3405.00;85.89
3404.00;85.89
3403.00;85.90
3402.00;85.89
3401.00;85.86
3400.00;85.82
3399.00;85.77
3398.00;85.73
3397.00;85.72
3396.00;85.75
3395.00;85.80
3394.00;85.83
3393.00;85.82
3392.00;85.78
3391.00;85.71
3390.00;85.65
3389.00;85.61
3388.00;85.58
3387.00;85.55
3386.00;85.51
3385.00;85.49
3384.00;85.49
3383.00;85.51
3382.00;85.53
3381.00;85.55
3380.00;85.55
3379.00;85.54
3378.00;85.52
3377.00;85.48
3376.00;85.42
3375.00;85.37
3374.00;85.36
3373.00;85.39
3372.00;85.45
3371.00;85.50
3370.00;85.52
3369.00;85.50
3368.00;85.45
3367.00;85.39
3366.00;85.33
3365.00;85.27
3364.00;85.21
3363.00;85.16
3362.00;85.10
3361.00;85.02
3360.00;84.93
3359.00;84.85
3358.00;84.79
3357.00;84.75
3356.00;84.70
3355.00;84.62
3354.00;84.52
3353.00;84.39
3352.00;84.24
3351.00;84.09
3350.00;83.93
3349.00;83.78
3348.00;83.62
3347.00;83.44
3346.00;83.25
3345.00;83.05
3344.00;82.85
3343.00;82.64
3342.00;82.41
3341.00;82.15
3340.00;81.87
3339.00;81.57
3338.00;81.24
3337.00;80.89
3336.00;80.52
3335.00;80.13
3334.00;79.72
3333.00;79.30
3332.00;78.89
3331.00;78.50
3330.00;78.13
3329.00;77.79
3328.00;77.50
3327.00;77.26
3326.00;77.08
3325.00;76.93
3324.00;76.80
3323.00;76.69
3322.00;76.58
3321.00;76.48
3320.00;76.40
3319.00;76.33
3318.00;76.25
3317.00;76.17
3316.00;76.09
3315.00;76.01
3314.00;75.95
3313.00;75.89
3312.00;75.81
3311.00;75.72
3310.00;75.62
3309.00;75.51
3308.00;75.41
3307.00;75.32
3306.00;75.23
3305.00;75.15
3304.00;75.08
3303.00;75.03
3302.00;74.99
3301.00;74.98
3300.00;74.99
3299.00;75.05
3298.00;75.14
3297.00;75.23
3296.00;75.32
3295.00;75.39
3294.00;75.46
3293.00;75.54
3292.00;75.65
3291.00;75.75
3290.00;75.85
3289.00;75.93
3288.00;76.02
3287.00;76.11
3286.00;76.19
3285.00;76.26
3284.00;76.33
3283.00;76.38
3282.00;76.42
3281.00;76.47
3280.00;76.51
3279.00;76.56
3278.00;76.62
3277.00;76.66
3276.00;76.69
3275.00;76.70
3274.00;76.70
3273.00;76.70
3272.00;76.70
3271.00;76.70
3270.00;76.71
3269.00;76.71
3268.00;76.70
3267.00;76.67
3266.00;76.63
3265.00;76.57
3264.00;76.52
3263.00;76.50
3262.00;76.51
3261.00;76.54
3260.00;76.56
3259.00;76.56
3258.00;76.53
3257.00;76.48
3256.00;76.42
3255.00;76.37
3254.00;76.34
3253.00;76.31
3252.00;76.28
3251.00;76.25
3250.00;76.23
3249.00;76.22
3248.00;76.20
3247.00;76.16
3246.00;76.11
3245.00;76.05
3244.00;75.99
3243.00;75.94
3242.00;75.89
3241.00;75.85
3240.00;75.83
3239.00;75.81
3238.00;75.80
3237.00;75.79
3236.00;75.77
3235.00;75.75
3234.00;75.71
3233.00;75.66
3232.00;75.61
3231.00;75.57
3230.00;75.55
3229.00;75.55
3228.00;75.57
3227.00;75.60
3226.00;75.61
3225.00;75.61
3224.00;75.60
3223.00;75.59
3222.00;75.59
3221.00;75.60
3220.00;75.62
3219.00;75.65
3218.00;75.69
3217.00;75.74
3216.00;75.79
3215.00;75.83
3214.00;75.86
3213.00;75.88
3212.00;75.89
3211.00;75.91
3210.00;75.95
3209.00;75.99
3208.00;76.05
3207.00;76.12
3206.00;76.19
3205.00;76.25
3204.00;76.31
3203.00;76.37
3202.00;76.44
3201.00;76.50
3200.00;76.56
3199.00;76.61
3198.00;76.66
3197.00;76.72
3196.00;76.80
3195.00;76.89
3194.00;76.99
3193.00;77.07
3192.00;77.14
3191.00;77.19
3190.00;77.22
3189.00;77.26
3188.00;77.30
3187.00;77.37
3186.00;77.43
3185.00;77.47
3184.00;77.49
3183.00;77.52
3182.00;77.56
3181.00;77.60
3180.00;77.63
3179.00;77.65
3178.00;77.67
3177.00;77.69
3176.00;77.73
3175.00;77.77
3174.00;77.81
3173.00;77.85
3172.00;77.87
3171.00;77.87
3170.00;77.87
3169.00;77.86
3168.00;77.86
3167.00;77.88
3166.00;77.91
3165.00;77.95
3164.00;77.99
3163.00;78.02
3162.00;78.06
3161.00;78.11
3160.00;78.15
3159.00;78.20
3158.00;78.25
3157.00;78.29
3156.00;78.32
3155.00;78.34
3154.00;78.34
3153.00;78.33
3152.00;78.32
3151.00;78.31
3150.00;78.30
3149.00;78.30
3148.00;78.30
3147.00;78.29
3146.00;78.29
3145.00;78.28
3144.00;78.29
3143.00;78.32
3142.00;78.37
3141.00;78.44
3140.00;78.51
3139.00;78.56
3138.00;78.61
3137.00;78.64
3136.00;78.66
3135.00;78.67
3134.00;78.68
3133.00;78.71
3132.00;78.76
3131.00;78.84
3130.00;78.90
3129.00;78.95
3128.00;78.97
3127.00;78.99
3126.00;79.00
3125.00;78.98
3124.00;78.95
3123.00;78.92
3122.00;78.92
3121.00;78.93
3120.00;78.97
3119.00;79.02
3118.00;79.09
3117.00;79.16
3116.00;79.22
3115.00;79.27
3114.00;79.31
3113.00;79.34
3112.00;79.36
3111.00;79.39
3110.00;79.42
3109.00;79.46
3108.00;79.50
3107.00;79.55
3106.00;79.59
3105.00;79.61
3104.00;79.63
3103.00;79.65
3102.00;79.68
3101.00;79.70
3100.00;79.71
3099.00;79.71
3098.00;79.70
3097.00;79.70
3096.00;79.69
3095.00;79.68
3094.00;79.66
3093.00;79.65
3092.00;79.66
3091.00;79.68
3090.00;79.68
3089.00;79.66
3088.00;79.63
3087.00;79.60
3086.00;79.59
3085.00;79.59
3084.00;79.60
3083.00;79.61
3082.00;79.62
3081.00;79.62
3080.00;79.61
3079.00;79.59
3078.00;79.56
3077.00;79.54
3076.00;79.52
3075.00;79.53
3074.00;79.53
3073.00;79.50
3072.00;79.46
3071.00;79.43
3070.00;79.42
3069.00;79.43
3068.00;79.43
3067.00;79.42
3066.00;79.39
3065.00;79.34
3064.00;79.28
3063.00;79.22
3062.00;79.16
3061.00;79.12
3060.00;79.09
3059.00;79.06
3058.00;79.03
3057.00;78.98
3056.00;78.92
3055.00;78.85
3054.00;78.79
3053.00;78.74
3052.00;78.71
3051.00;78.69
3050.00;78.69
3049.00;78.69
3048.00;78.67
3047.00;78.65
3046.00;78.62
3045.00;78.59
3044.00;78.56
3043.00;78.53
3042.00;78.52
3041.00;78.52
3040.00;78.54
3039.00;78.55
3038.00;78.55
3037.00;78.53
3036.00;78.50
3035.00;78.46
3034.00;78.44
3033.00;78.44
3032.00;78.43
3031.00;78.42
3030.00;78.39
3029.00;78.36
3028.00;78.34
3027.00;78.34
3026.00;78.36
3025.00;78.41
3024.00;78.45
3023.00;78.50
3022.00;78.52
3021.00;78.53
3020.00;78.55
3019.00;78.56
3018.00;78.58
3017.00;78.60
3016.00;78.61
3015.00;78.63
3014.00;78.64
3013.00;78.62
3012.00;78.60
3011.00;78.58
3010.00;78.57
3009.00;78.56
3008.00;78.55
3007.00;78.51
3006.00;78.47
3005.00;78.43
3004.00;78.39
3003.00;78.35
3002.00;78.30
3001.00;78.27
3000.00;78.26
2999.00;78.27
2998.00;78.27
2997.00;78.25
2996.00;78.20
2995.00;78.14
2994.00;78.09
2993.00;78.04
2992.00;77.98
2991.00;77.92
2990.00;77.85
2989.00;77.78
2988.00;77.73
2987.00;77.69
2986.00;77.64
2985.00;77.57
2984.00;77.48
2983.00;77.39
2982.00;77.31
2981.00;77.24
2980.00;77.18
2979.00;77.12
2978.00;77.04
2977.00;76.96
2976.00;76.88
2975.00;76.80
2974.00;76.71
2973.00;76.60
2972.00;76.46
2971.00;76.31
2970.00;76.16
2969.00;76.01
2968.00;75.87
2967.00;75.71
2966.00;75.56
2965.00;75.41
2964.00;75.27
2963.00;75.17
2962.00;75.10
2961.00;75.07
2960.00;75.07
2959.00;75.11
2958.00;75.17
2957.00;75.24
2956.00;75.32
2955.00;75.39
2954.00;75.44
2953.00;75.48
2952.00;75.50
2951.00;75.53
2950.00;75.57
2949.00;75.66
2948.00;75.81
2947.00;76.00
2946.00;76.19
2945.00;76.36
2944.00;76.49
2943.00;76.60
2942.00;76.70
2941.00;76.79
2940.00;76.90
2939.00;77.00
2938.00;77.07
2937.00;77.11
2936.00;77.13
2935.00;77.14
2934.00;77.15
2933.00;77.17
2932.00;77.20
2931.00;77.23
2930.00;77.27
2929.00;77.31
2928.00;77.36
2927.00;77.40
2926.00;77.44
2925.00;77.46
2924.00;77.47
2923.00;77.50
2922.00;77.56
2921.00;77.63
2920.00;77.70
2919.00;77.76
2918.00;77.81
2917.00;77.86
2916.00;77.91
2915.00;77.97
2914.00;78.01
2913.00;78.03
2912.00;78.04
2911.00;78.06
2910.00;78.08
2909.00;78.10
2908.00;78.11
2907.00;78.13
2906.00;78.18
2905.00;78.22
2904.00;78.26
2903.00;78.27
2902.00;78.28
2901.00;78.28
2900.00;78.32
2899.00;78.39
2898.00;78.47
2897.00;78.55
2896.00;78.60
2895.00;78.62
2894.00;78.64
2893.00;78.68
2892.00;78.73
2891.00;78.78
2890.00;78.82
2889.00;78.85
2888.00;78.88
2887.00;78.93
2886.00;78.99
2885.00;79.05
2884.00;79.10
2883.00;79.15
2882.00;79.20
2881.00;79.25
2880.00;79.29
2879.00;79.33
2878.00;79.37
2877.00;79.41
2876.00;79.46
2875.00;79.53
2874.00;79.61
2873.00;79.68
2872.00;79.75
2871.00;79.81
2870.00;79.86
2869.00;79.92
2868.00;79.98
2867.00;80.03
2866.00;80.08
2865.00;80.12
2864.00;80.17
2863.00;80.22
2862.00;80.26
2861.00;80.28
2860.00;80.29
2859.00;80.29
2858.00;80.28
2857.00;80.26
2856.00;80.22
2855.00;80.18
2854.00;80.15
2853.00;80.14
2852.00;80.16
2851.00;80.19
2850.00;80.23
2849.00;80.28
2848.00;80.33
2847.00;80.38
2846.00;80.44
2845.00;80.50
2844.00;80.56
2843.00;80.63
2842.00;80.71
2841.00;80.80
2840.00;80.89
2839.00;80.97
2838.00;81.05
2837.00;81.10
2836.00;81.14
2835.00;81.17
2834.00;81.20
2833.00;81.23
2832.00;81.25
2831.00;81.29
2830.00;81.34
2829.00;81.38
2828.00;81.43
2827.00;81.47
2826.00;81.51
2825.00;81.56
2824.00;81.60
2823.00;81.62
2822.00;81.62
2821.00;81.62
2820.00;81.65
2819.00;81.68
2818.00;81.71
2817.00;81.74
2816.00;81.78
2815.00;81.82
2814.00;81.87
2813.00;81.91
2812.00;81.95
2811.00;81.99
2810.00;82.01
2809.00;82.01
2808.00;82.02
2807.00;82.04
2806.00;82.07
2805.00;82.11
2804.00;82.15
2803.00;82.20
2802.00;82.24
2801.00;82.28
2800.00;82.31
2799.00;82.35
2798.00;82.39
2797.00;82.43
2796.00;82.48
2795.00;82.52
2794.00;82.56
2793.00;82.61
2792.00;82.66
2791.00;82.70
2790.00;82.72
2789.00;82.74
2788.00;82.75
2787.00;82.78
2786.00;82.82
2785.00;82.86
2784.00;82.90
2783.00;82.97
2782.00;83.05
2781.00;83.13
2780.00;83.18
2779.00;83.22
2778.00;83.24
2777.00;83.27
2776.00;83.32
2775.00;83.38
2774.00;83.44
2773.00;83.47
2772.00;83.49
2771.00;83.51
2770.00;83.53
2769.00;83.56
2768.00;83.59
2767.00;83.63
2766.00;83.68
2765.00;83.71
2764.00;83.74
2763.00;83.76
2762.00;83.79
2761.00;83.82
2760.00;83.88
2759.00;83.93
2758.00;83.98
2757.00;84.02
2756.00;84.04
2755.00;84.07
2754.00;84.10
2753.00;84.15
2752.00;84.21
2751.00;84.27
2750.00;84.31
2749.00;84.33
2748.00;84.33
2747.00;84.34
2746.00;84.35
2745.00;84.39
2744.00;84.43
2743.00;84.47
2742.00;84.50
2741.00;84.52
2740.00;84.54
2739.00;84.58
2738.00;84.62
2737.00;84.65
2736.00;84.67
2735.00;84.67
2734.00;84.67
2733.00;84.67
2732.00;84.68
2731.00;84.71
2730.00;84.74
2729.00;84.76
2728.00;84.79
2727.00;84.82
2726.00;84.86
2725.00;84.91
2724.00;84.95
2723.00;84.99
2722.00;85.02
2721.00;85.03
2720.00;85.02
2719.00;85.01
2718.00;85.01
2717.00;85.01
2716.00;85.01
2715.00;85.02
2714.00;85.01
2713.00;84.98
2712.00;84.96
2711.00;84.95
2710.00;84.97
2709.00;84.98
2708.00;84.98
2707.00;84.97
2706.00;84.95
2705.00;84.92
2704.00;84.88
2703.00;84.85
2702.00;84.82
2701.00;84.80
2700.00;84.80
2699.00;84.81
2698.00;84.81
2697.00;84.78
2696.00;84.72
2695.00;84.67
2694.00;84.62
2693.00;84.58
2692.00;84.56
2691.00;84.55
2690.00;84.54
2689.00;84.53
2688.00;84.50
2687.00;84.46
2686.00;84.41
2685.00;84.35
2684.00;84.30
2683.00;84.26
2682.00;84.23
2681.00;84.20
2680.00;84.17
2679.00;84.13
2678.00;84.09
2677.00;84.04
2676.00;83.99
2675.00;83.94
2674.00;83.90
2673.00;83.86
2672.00;83.82
2671.00;83.79
2670.00;83.76
2669.00;83.73
2668.00;83.70
2667.00;83.66
2666.00;83.63
2665.00;83.60
2664.00;83.57
2663.00;83.55
2662.00;83.52
2661.00;83.49
2660.00;83.47
2659.00;83.46
2658.00;83.44
2657.00;83.42
2656.00;83.39
2655.00;83.35
2654.00;83.31
2653.00;83.27
2652.00;83.22
2651.00;83.19
2650.00;83.17
2649.00;83.15
2648.00;83.13
2647.00;83.10
2646.00;83.06
2645.00;83.01
2644.00;82.95
2643.00;82.89
2642.00;82.83
2641.00;82.78
2640.00;82.74
2639.00;82.70
2638.00;82.66
2637.00;82.61
2636.00;82.56
2635.00;82.51
2634.00;82.48
2633.00;82.45
2632.00;82.43
2631.00;82.42
2630.00;82.40
2629.00;82.37
2628.00;82.33
2627.00;82.29
2626.00;82.26
2625.00;82.23
2624.00;82.21
2623.00;82.19
2622.00;82.16
2621.00;82.15
2620.00;82.14
2619.00;82.16
2618.00;82.17
2617.00;82.17
2616.00;82.14
2615.00;82.10
2614.00;82.05
2613.00;82.00
2612.00;81.96
2611.00;81.96
2610.00;82.00
2609.00;82.05
2608.00;82.09
2607.00;82.10
2606.00;82.11
2605.00;82.10
2604.00;82.08
2603.00;82.06
2602.00;82.04
2601.00;82.03
2600.00;82.03
2599.00;82.05
2598.00;82.09
2597.00;82.13
2596.00;82.17
2595.00;82.18
2594.00;82.15
2593.00;82.11
2592.00;82.07
2591.00;82.07
2590.00;82.10
2589.00;82.13
2588.00;82.16
2587.00;82.17
2586.00;82.18
2585.00;82.18
2584.00;82.19
2583.00;82.19
2582.00;82.19
2581.00;82.20
2580.00;82.22
2579.00;82.26
2578.00;82.29
2577.00;82.28
2576.00;82.24
2575.00;82.21
2574.00;82.21
2573.00;82.25
2572.00;82.30
2571.00;82.33
2570.00;82.34
2569.00;82.32
2568.00;82.27
2567.00;82.22
2566.00;82.19
2565.00;82.19
2564.00;82.20
2563.00;82.19
2562.00;82.14
2561.00;82.09
2560.00;82.05
2559.00;82.02
2558.00;82.01
2557.00;82.01
2556.00;82.04
2555.00;82.06
2554.00;82.07
2553.00;82.05
2552.00;82.02
2551.00;81.98
2550.00;81.92
2549.00;81.87
2548.00;81.84
2547.00;81.85
2546.00;81.88
2545.00;81.90
2544.00;81.90
2543.00;81.88
2542.00;81.86
2541.00;81.85
2540.00;81.85
2539.00;81.85
2538.00;81.86
2537.00;81.87
2536.00;81.87
2535.00;81.86
2534.00;81.86
2533.00;81.87
2532.00;81.89
2531.00;81.92
2530.00;81.96
2529.00;82.00
2528.00;82.06
2527.00;82.11
2526.00;82.14
2525.00;82.13
2524.00;82.09
2523.00;82.07
2522.00;82.08
2521.00;82.09
2520.00;82.10
2519.00;82.11
2518.00;82.11
2517.00;82.12
2516.00;82.14
2515.00;82.19
2514.00;82.24
2513.00;82.29
2512.00;82.31
2511.00;82.32
2510.00;82.31
2509.00;82.32
2508.00;82.35
2507.00;82.41
2506.00;82.47
2505.00;82.51
2504.00;82.55
2503.00;82.60
2502.00;82.64
2501.00;82.67
2500.00;82.67
2499.00;82.68
2498.00;82.70
2497.00;82.74
2496.00;82.80
2495.00;82.87
2494.00;82.94
2493.00;83.00
2492.00;83.03
2491.00;83.04
2490.00;83.05
2489.00;83.06
2488.00;83.09
2487.00;83.14
2486.00;83.18
2485.00;83.19
2484.00;83.17
2483.00;83.16
2482.00;83.18
2481.00;83.21
2480.00;83.26
2479.00;83.30
2478.00;83.33
2477.00;83.34
2476.00;83.33
2475.00;83.33
2474.00;83.35
2473.00;83.38
2472.00;83.43
2471.00;83.49
2470.00;83.54
2469.00;83.55
2468.00;83.54
2467.00;83.53
2466.00;83.55
2465.00;83.59
2464.00;83.66
2463.00;83.71
2462.00;83.75
2461.00;83.78
2460.00;83.81
2459.00;83.85
2458.00;83.89
2457.00;83.91
2456.00;83.91
2455.00;83.91
2454.00;83.92
2453.00;83.95
2452.00;83.98
2451.00;84.03
2450.00;84.09
2449.00;84.16
2448.00;84.24
2447.00;84.31
2446.00;84.35
2445.00;84.35
2444.00;84.33
2443.00;84.32
2442.00;84.33
2441.00;84.34
2440.00;84.38
2439.00;84.43
2438.00;84.49
2437.00;84.55
2436.00;84.59
2435.00;84.62
2434.00;84.65
2433.00;84.66
2432.00;84.67
2431.00;84.69
2430.00;84.73
2429.00;84.77
2428.00;84.81
2427.00;84.84
2426.00;84.86
2425.00;84.86
2424.00;84.85
2423.00;84.86
2422.00;84.88
2421.00;84.92
2420.00;84.96
2419.00;85.01
2418.00;85.04
2417.00;85.07
2416.00;85.10
2415.00;85.13
2414.00;85.18
2413.00;85.23
2412.00;85.27
2411.00;85.29
2410.00;85.31
2409.00;85.32
2408.00;85.35
2407.00;85.40
2406.00;85.45
2405.00;85.48
2404.00;85.51
2403.00;85.56
2402.00;85.63
2401.00;85.69
2400.00;85.71
2399.00;85.72
2398.00;85.71
2397.00;85.72
2396.00;85.76
2395.00;85.82
2394.00;85.89
2393.00;85.96
2392.00;86.04
2391.00;86.11
2390.00;86.17
2389.00;86.20
2388.00;86.20
2387.00;86.20
2386.00;86.21
2385.00;86.21
2384.00;86.21
2383.00;86.22
2382.00;86.25
2381.00;86.30
2380.00;86.35
2379.00;86.40
2378.00;86.45
2377.00;86.50
2376.00;86.54
2375.00;86.56
2374.00;86.54
2373.00;86.48
2372.00;86.43
2371.00;86.45
2370.00;86.58
2369.00;86.77
2368.00;86.92
2367.00;86.95
2366.00;86.85
2365.00;86.68
2364.00;86.56
2363.00;86.55
2362.00;86.64
2361.00;86.79
2360.00;86.99
2359.00;87.19
2358.00;87.31
2357.00;87.29
2356.00;87.19
2355.00;87.09
2354.00;87.04
2353.00;87.03
2352.00;87.05
2351.00;87.08
2350.00;87.13
2349.00;87.19
2348.00;87.27
2347.00;87.35
2346.00;87.39
2345.00;87.36
2344.00;87.33
2343.00;87.37
2342.00;87.45
2341.00;87.47
2340.00;87.42
2339.00;87.37
2338.00;87.38
2337.00;87.46
2336.00;87.55
2335.00;87.59
2334.00;87.57
2333.00;87.50
2332.00;87.48
2331.00;87.55
2330.00;87.68
2329.00;87.76
2328.00;87.78
2327.00;87.76
2326.00;87.74
2325.00;87.71
2324.00;87.66
2323.00;87.63
2322.00;87.63
2321.00;87.66
2320.00;87.70
2319.00;87.75
2318.00;87.81
2317.00;87.87
2316.00;87.93
2315.00;87.96
2314.00;87.96
2313.00;87.94
2312.00;87.92
2311.00;87.91
2310.00;87.90
2309.00;87.89
2308.00;87.87
2307.00;87.86
2306.00;87.85
2305.00;87.84
2304.00;87.83
2303.00;87.84
2302.00;87.85
2301.00;87.86
2300.00;87.86
2299.00;87.85
2298.00;87.83
2297.00;87.80
2296.00;87.79
2295.00;87.80
2294.00;87.84
2293.00;87.88
2292.00;87.90
2291.00;87.89
2290.00;87.88
2289.00;87.85
2288.00;87.83
2287.00;87.83
2286.00;87.83
2285.00;87.85
2284.00;87.86
2283.00;87.86
2282.00;87.84
2281.00;87.79
2280.00;87.75
2279.00;87.72
2278.00;87.71
2277.00;87.71
2276.00;87.73
2275.00;87.76
2274.00;87.78
2273.00;87.76
2272.00;87.72
2271.00;87.70
2270.00;87.71
2269.00;87.74
2268.00;87.78
2267.00;87.80
2266.00;87.79
2265.00;87.70
2264.00;87.59
2263.00;87.54
2262.00;87.56
2261.00;87.62
2260.00;87.64
2259.00;87.62
2258.00;87.55
2257.00;87.49
2256.00;87.46
2255.00;87.49
2254.00;87.55
2253.00;87.58
2252.00;87.58
2251.00;87.57
2250.00;87.62
2249.00;87.70
2248.00;87.77
2247.00;87.82
2246.00;87.85
2245.00;87.88
2244.00;87.94
2243.00;87.98
2242.00;87.98
2241.00;87.93
2240.00;87.87
2239.00;87.83
2238.00;87.82
2237.00;87.79
2236.00;87.75
2235.00;87.72
2234.00;87.73
2233.00;87.78
2232.00;87.86
2231.00;87.93
2230.00;87.99
2229.00;88.01
2228.00;88.03
2227.00;88.04
2226.00;88.01
2225.00;87.92
2224.00;87.84
2223.00;87.85
2222.00;87.95
2221.00;88.05
2220.00;88.14
2219.00;88.21
2218.00;88.25
2217.00;88.23
2216.00;88.18
2215.00;88.17
2214.00;88.21
2213.00;88.26
2212.00;88.30
2211.00;88.38
2210.00;88.48
2209.00;88.55
2208.00;88.51
2207.00;88.38
2206.00;88.22
2205.00;88.11
2204.00;88.07
2203.00;88.14
2202.00;88.25
2201.00;88.35
2200.00;88.39
2199.00;88.37
2198.00;88.36
2197.00;88.36
2196.00;88.37
2195.00;88.35
2194.00;88.27
2193.00;88.16
2192.00;88.09
2191.00;88.09
2190.00;88.11
2189.00;88.13
2188.00;88.13
2187.00;88.14
2186.00;88.12
2185.00;88.06
2184.00;87.97
2183.00;87.91
2182.00;87.90
2181.00;87.93
2180.00;88.01
2179.00;88.11
2178.00;88.17
2177.00;88.12
2176.00;88.01
2175.00;87.95
2174.00;88.01
2173.00;88.10
2172.00;88.14
2171.00;88.12
2170.00;88.05
2169.00;87.94
2168.00;87.82
2167.00;87.71
2166.00;87.64
2165.00;87.60
2164.00;87.61
2163.00;87.66
2162.00;87.72
2161.00;87.75
2160.00;87.75
2159.00;87.80
2158.00;87.87
2157.00;87.90
2156.00;87.87
2155.00;87.83
2154.00;87.81
2153.00;87.80
2152.00;87.81
2151.00;87.85
2150.00;87.92
2149.00;87.98
2148.00;88.02
2147.00;88.05
2146.00;88.07
2145.00;88.09
2144.00;88.12
2143.00;88.19
2142.00;88.30
2141.00;88.40
2140.00;88.47
2139.00;88.50
2138.00;88.51
2137.00;88.48
2136.00;88.48
2135.00;88.53
2134.00;88.61
2133.00;88.66
2132.00;88.67
2131.00;88.69
2130.00;88.71
2129.00;88.75
2128.00;88.83
2127.00;88.93
2126.00;89.01
2125.00;89.02
2124.00;88.97
2123.00;88.94
2122.00;88.96
2121.00;88.98
2120.00;88.99
2119.00;89.00
2118.00;89.02
2117.00;89.04
2116.00;89.04
2115.00;89.03
2114.00;89.03
2113.00;89.00
2112.00;88.96
2111.00;88.94
2110.00;88.93
2109.00;88.93
2108.00;88.90
2107.00;88.88
2106.00;88.90
2105.00;88.94
2104.00;88.97
2103.00;88.96
2102.00;88.95
2101.00;88.92
2100.00;88.89
2099.00;88.89
2098.00;88.92
2097.00;89.00
2096.00;89.10
2095.00;89.19
2094.00;89.23
2093.00;89.21
2092.00;89.14
2091.00;89.05
2090.00;88.98
2089.00;88.96
2088.00;88.99
2087.00;89.05
2086.00;89.09
2085.00;89.10
2084.00;89.10
2083.00;89.10
2082.00;89.09
2081.00;89.03
2080.00;88.97
2079.00;88.98
2078.00;89.06
2077.00;89.12
2076.00;89.11
2075.00;89.07
2074.00;89.03
2073.00;89.01
2072.00;89.00
2071.00;89.03
2070.00;89.09
2069.00;89.13
2068.00;89.13
2067.00;89.11
2066.00;89.10
2065.00;89.10
2064.00;89.09
2063.00;89.07
2062.00;89.03
2061.00;88.97
2060.00;88.92
2059.00;88.88
2058.00;88.85
2057.00;88.81
2056.00;88.78
2055.00;88.79
2054.00;88.84
2053.00;88.87
2052.00;88.86
2051.00;88.83
2050.00;88.82
2049.00;88.83
2048.00;88.83
2047.00;88.81
2046.00;88.77
2045.00;88.69
2044.00;88.57
2043.00;88.46
2042.00;88.37
2041.00;88.32
2040.00;88.33
2039.00;88.40
2038.00;88.48
2037.00;88.45
2036.00;88.29
2035.00;88.13
2034.00;88.09
2033.00;88.17
2032.00;88.29
2031.00;88.36
2030.00;88.36
2029.00;88.33
2028.00;88.35
2027.00;88.42
2026.00;88.51
2025.00;88.53
2024.00;88.48
2023.00;88.40
2022.00;88.30
2021.00;88.21
2020.00;88.14
2019.00;88.15
2018.00;88.21
2017.00;88.27
2016.00;88.29
2015.00;88.26
2014.00;88.20
2013.00;88.12
2012.00;88.07
2011.00;88.10
2010.00;88.17
2009.00;88.24
2008.00;88.34
2007.00;88.46
2006.00;88.53
2005.00;88.49
2004.00;88.41
2003.00;88.40
2002.00;88.46
2001.00;88.53
2000.00;88.58
1999.00;88.65
1998.00;88.76
1997.00;88.86
1996.00;88.90
1995.00;88.86
1994.00;88.76
1993.00;88.63
1992.00;88.53
1991.00;88.50
1990.00;88.51
1989.00;88.51
1988.00;88.51
1987.00;88.58
1986.00;88.68
1985.00;88.69
1984.00;88.62
1983.00;88.57
1982.00;88.63
1981.00;88.75
1980.00;88.84
1979.00;88.86
1978.00;88.79
1977.00;88.65
1976.00;88.52
1975.00;88.49
1974.00;88.52
1973.00;88.50
1972.00;88.38
1971.00;88.26
1970.00;88.19
1969.00;88.16
1968.00;88.14
1967.00;88.16
1966.00;88.22
1965.00;88.31
1964.00;88.40
1963.00;88.47
1962.00;88.54
1961.00;88.60
1960.00;88.68
1959.00;88.77
1958.00;88.83
1957.00;88.77
1956.00;88.62
1955.00;88.48
1954.00;88.43
1953.00;88.46
1952.00;88.53
1951.00;88.60
1950.00;88.64
1949.00;88.60
1948.00;88.52
1947.00;88.46
1946.00;88.45
1945.00;88.44
1944.00;88.42
1943.00;88.39
1942.00;88.36
1941.00;88.32
1940.00;88.30
1939.00;88.32
1938.00;88.37
1937.00;88.43
1936.00;88.46
1935.00;88.47
1934.00;88.46
1933.00;88.41
1932.00;88.37
1931.00;88.37
1930.00;88.42
1929.00;88.46
1928.00;88.47
1927.00;88.49
1926.00;88.48
1925.00;88.38
1924.00;88.20
1923.00;88.05
1922.00;88.04
1921.00;88.15
1920.00;88.27
1919.00;88.35
1918.00;88.40
1917.00;88.45
1916.00;88.48
1915.00;88.47
1914.00;88.42
1913.00;88.37
1912.00;88.36
1911.00;88.39
1910.00;88.42
1909.00;88.42
1908.00;88.39
1907.00;88.37
1906.00;88.40
1905.00;88.45
1904.00;88.50
1903.00;88.54
1902.00;88.59
1901.00;88.62
1900.00;88.68
1899.00;88.76
1898.00;88.83
1897.00;88.84
1896.00;88.79
1895.00;88.77
1894.00;88.82
1893.00;88.92
1892.00;88.99
1891.00;89.02
1890.00;89.01
1889.00;88.98
1888.00;88.98
1887.00;89.01
1886.00;89.03
1885.00;89.04
1884.00;89.04
1883.00;89.09
1882.00;89.16
1881.00;89.22
1880.00;89.27
1879.00;89.33
1878.00;89.41
1877.00;89.46
1876.00;89.47
1875.00;89.48
1874.00;89.49
1873.00;89.48
1872.00;89.45
1871.00;89.41
1870.00;89.38
1869.00;89.33
1868.00;89.28
1867.00;89.32
1866.00;89.43
1865.00;89.57
1864.00;89.68
1863.00;89.77
1862.00;89.81
1861.00;89.79
1860.00;89.77
1859.00;89.79
1858.00;89.87
1857.00;89.94
1856.00;89.98
1855.00;90.01
1854.00;90.04
1853.00;90.05
1852.00;90.06
1851.00;90.10
1850.00;90.14
1849.00;90.13
1848.00;90.07
1847.00;90.02
1846.00;90.04
1845.00;90.12
1844.00;90.23
1843.00;90.39
1842.00;90.50
1841.00;90.48
1840.00;90.39
1839.00;90.32
1838.00;90.29
1837.00;90.27
1836.00;90.25
1835.00;90.29
1834.00;90.36
1833.00;90.42
1832.00;90.43
1831.00;90.39
1830.00;90.31
1829.00;90.26
1828.00;90.28
1827.00;90.35
1826.00;90.42
1825.00;90.47
1824.00;90.51
1823.00;90.57
1822.00;90.62
1821.00;90.65
1820.00;90.68
1819.00;90.71
1818.00;90.73
1817.00;90.72
1816.00;90.70
1815.00;90.71
1814.00;90.69
1813.00;90.61
1812.00;90.50
1811.00;90.43
1810.00;90.47
1809.00;90.56
1808.00;90.62
1807.00;90.64
1806.00;90.65
1805.00;90.63
1804.00;90.60
1803.00;90.57
1802.00;90.52
1801.00;90.44
1800.00;90.36
1799.00;90.34
1798.00;90.35
1797.00;90.31
1796.00;90.21
1795.00;90.14
1794.00;90.16
1793.00;90.20
1792.00;90.21
1791.00;90.22
1790.00;90.24
1789.00;90.19
1788.00;90.08
1787.00;90.00
1786.00;89.96
1785.00;89.91
1784.00;89.81
1783.00;89.63
1782.00;89.39
1781.00;89.11
1780.00;88.89
1779.00;88.78
1778.00;88.73
1777.00;88.60
1776.00;88.40
1775.00;88.19
1774.00;87.99
1773.00;87.74
1772.00;87.45
1771.00;87.29
1770.00;87.26
1769.00;87.19
1768.00;87.06
1767.00;86.91
1766.00;86.71
1765.00;86.39
1764.00;86.00
1763.00;85.62
1762.00;85.31
1761.00;85.06
1760.00;84.83
1759.00;84.57
1758.00;84.31
1757.00;84.12
1756.00;84.01
1755.00;83.98
1754.00;83.94
1753.00;83.89
1752.00;83.86
1751.00;83.82
1750.00;83.69
1749.00;83.42
1748.00;83.13
1747.00;82.93
1746.00;82.79
1745.00;82.58
1744.00;82.26
1743.00;81.92
1742.00;81.62
1741.00;81.27
1740.00;80.77
1739.00;80.17
1738.00;79.55
1737.00;78.89
1736.00;78.09
1735.00;76.97
1734.00;75.44
1733.00;73.82
1732.00;72.23
1731.00;70.51
1730.00;68.74
1729.00;67.07
1728.00;65.61
1727.00;64.32
1726.00;63.08
1725.00;61.80
1724.00;60.50
1723.00;59.30
1722.00;58.28
1721.00;57.41
1720.00;56.56
1719.00;55.61
1718.00;54.50
1717.00;53.37
1716.00;52.42
1715.00;51.61
1714.00;50.79
1713.00;49.90
1712.00;48.91
1711.00;47.85
1710.00;46.76
1709.00;45.74
1708.00;44.79
1707.00;43.89
1706.00;43.01
1705.00;42.28
1704.00;41.80
1703.00;41.50
1702.00;41.21
1701.00;40.67
1700.00;39.87
1699.00;39.12
1698.00;38.52
1697.00;37.96
1696.00;37.50
1695.00;37.29
1694.00;37.32
1693.00;37.40
1692.00;37.51
1691.00;37.72
1690.00;38.05
1689.00;38.48
1688.00;38.99
1687.00;39.54
1686.00;40.15
1685.00;40.88
1684.00;41.72
1683.00;42.61
1682.00;43.43
1681.00;44.11
1680.00;44.78
1679.00;45.53
1678.00;46.34
1677.00;47.25
1676.00;48.31
1675.00;49.39
1674.00;50.31
1673.00;51.00
1672.00;51.59
1671.00;52.22
1670.00;52.99
1669.00;53.89
1668.00;54.82
1667.00;55.61
1666.00;56.20
1665.00;56.76
1664.00;57.35
1663.00;57.93
1662.00;58.44
1661.00;59.00
1660.00;59.51
1659.00;59.91
1658.00;60.31
1657.00;60.70
1656.00;61.10
1655.00;61.48
1654.00;61.86
1653.00;62.31
1652.00;62.82
1651.00;63.25
1650.00;63.62
1649.00;63.99
1648.00;64.43
1647.00;64.91
1646.00;65.37
1645.00;65.81
1644.00;66.22
1643.00;66.62
1642.00;66.96
1641.00;67.36
1640.00;67.72
1639.00;68.23
1638.00;68.28
1637.00;68.42
1636.00;69.05
1635.00;69.81
1634.00;70.68
1633.00;71.23
1632.00;71.52
1631.00;71.78
1630.00;72.09
1629.00;72.43
1628.00;72.81
1627.00;73.22
1626.00;73.61
1625.00;73.96
1624.00;74.22
1623.00;74.31
1622.00;74.19
1621.00;73.82
1620.00;73.14
1619.00;71.98
1618.00;70.00
1617.00;66.91
1616.00;63.35
1615.00;60.27
1614.00;57.84
1613.00;55.89
1612.00;54.44
1611.00;53.72
1610.00;53.84
1609.00;54.71
1608.00;56.09
1607.00;57.76
1606.00;59.53
1605.00;61.25
1604.00;62.82
1603.00;64.23
1602.00;65.50
1601.00;66.63
1600.00;67.63
1599.00;68.46
1598.00;69.13
1597.00;69.64
1596.00;70.01
1595.00;70.24
1594.00;70.38
1593.00;70.50
1592.00;70.61
1591.00;70.72
1590.00;70.86
1589.00;71.05
1588.00;71.28
1587.00;71.53
1586.00;71.79
1585.00;72.07
1584.00;72.35
1583.00;72.64
1582.00;72.93
1581.00;73.23
1580.00;73.49
1579.00;73.70
1578.00;73.81
1577.00;73.78
1576.00;73.57
1575.00;73.29
1574.00;72.92
1573.00;72.38
1572.00;71.78
1571.00;71.22
1570.00;70.76
1569.00;70.55
1568.00;70.67
1567.00;70.96
1566.00;71.25
1565.00;71.58
1564.00;71.92
1563.00;72.29
1562.00;72.72
1561.00;73.30
1560.00;73.81
1559.00;74.23
1558.00;74.63
1557.00;74.94
1556.00;75.20
1555.00;75.42
1554.00;75.65
1553.00;75.86
1552.00;76.08
1551.00;76.23
1550.00;76.47
1549.00;76.39
1548.00;76.46
1547.00;76.76
1546.00;76.87
1545.00;76.93
1544.00;76.89
1543.00;76.89
1542.00;76.93
1541.00;76.96
1540.00;76.93
1539.00;77.14
1538.00;77.40
1537.00;77.20
1536.00;76.63
1535.00;75.96
1534.00;75.30
1533.00;74.91
1532.00;74.96
1531.00;75.26
1530.00;75.59
1529.00;75.94
1528.00;76.32
1527.00;76.72
1526.00;77.13
1525.00;77.52
1524.00;77.82
1523.00;78.06
1522.00;78.32
1521.00;78.72
1520.00;79.22
1519.00;79.52
1518.00;79.53
1517.00;79.51
1516.00;79.64
1515.00;79.92
1514.00;80.15
1513.00;80.20
1512.00;80.06
1511.00;79.69
1510.00;79.12
1509.00;78.30
1508.00;77.00
1507.00;75.15
1506.00;73.83
1505.00;73.62
1504.00;73.56
1503.00;73.33
1502.00;73.20
1501.00;73.29
1500.00;73.58
1499.00;73.98
1498.00;74.51
1497.00;75.19
1496.00;76.03
1495.00;76.85
1494.00;77.44
1493.00;77.85
1492.00;78.19
1491.00;78.54
1490.00;78.82
1489.00;79.07
1488.00;79.37
1487.00;79.70
1486.00;79.96
1485.00;80.06
1484.00;80.02
1483.00;79.85
1482.00;79.60
1481.00;79.30
1480.00;78.99
1479.00;78.69
1478.00;78.38
1477.00;78.01
1476.00;77.63
1475.00;77.27
1474.00;76.91
1473.00;76.50
1472.00;76.20
1471.00;76.09
1470.00;75.97
1469.00;75.70
1468.00;75.35
1467.00;75.03
1466.00;74.70
1465.00;74.35
1464.00;74.03
1463.00;73.72
1462.00;73.32
1461.00;72.83
1460.00;72.33
1459.00;71.87
1458.00;71.44
1457.00;71.14
1456.00;71.14
1455.00;71.13
1454.00;70.81
1453.00;70.37
1452.00;70.00
1451.00;69.72
1450.00;69.41
1449.00;68.92
1448.00;68.17
1447.00;67.15
1446.00;65.88
1445.00;64.36
1444.00;62.71
1443.00;61.13
1442.00;59.82
1441.00;58.88
1440.00;58.32
1439.00;58.13
1438.00;58.24
1437.00;58.52
1436.00;58.92
1435.00;59.38
1434.00;59.78
1433.00;60.14
1432.00;60.51
1431.00;60.84
1430.00;61.01
1429.00;60.98
1428.00;60.82
1427.00;60.57
1426.00;60.29
1425.00;60.06
1424.00;59.97
1423.00;60.09
1422.00;60.39
1421.00;60.78
1420.00;61.22
1419.00;61.61
1418.00;61.89
1417.00;62.09
1416.00;62.23
1415.00;62.37
1414.00;62.51
1413.00;62.64
1412.00;62.78
1411.00;62.92
1410.00;63.08
1409.00;63.21
1408.00;63.30
1407.00;63.34
1406.00;63.33
1405.00;63.30
1404.00;63.30
1403.00;63.33
1402.00;63.32
1401.00;63.28
1400.00;63.22
1399.00;63.18
1398.00;63.18
1397.00;63.19
1396.00;63.21
1395.00;63.23
1394.00;63.26
1393.00;63.23
1392.00;63.07
1391.00;62.81
1390.00;62.53
1389.00;62.29
1388.00;62.12
1387.00;62.00
1386.00;61.96
1385.00;61.98
1384.00;62.05
1383.00;62.20
1382.00;62.41
1381.00;62.65
1380.00;62.88
1379.00;63.10
1378.00;63.31
1377.00;63.47
1376.00;63.59
1375.00;63.68
1374.00;63.78
1373.00;63.94
1372.00;64.12
1371.00;64.23
1370.00;64.26
1369.00;64.24
1368.00;64.24
1367.00;64.31
1366.00;64.43
1365.00;64.57
1364.00;64.75
1363.00;64.99
1362.00;65.35
1361.00;65.82
1360.00;66.36
1359.00;66.91
1358.00;67.46
1357.00;68.02
1356.00;68.59
1355.00;69.17
1354.00;69.74
1353.00;70.28
1352.00;70.77
1351.00;71.20
1350.00;71.58
1349.00;71.93
1348.00;72.26
1347.00;72.57
1346.00;72.81
1345.00;72.99
1344.00;73.14
1343.00;73.25
1342.00;73.32
1341.00;73.31
1340.00;73.27
1339.00;73.25
1338.00;73.29
1337.00;73.33
1336.00;73.31
1335.00;73.20
1334.00;73.01
1333.00;72.77
1332.00;72.48
1331.00;72.13
1330.00;71.71
1329.00;71.22
1328.00;70.68
1327.00;70.09
1326.00;69.44
1325.00;68.76
1324.00;68.03
1323.00;67.24
1322.00;66.37
1321.00;65.38
1320.00;64.32
1319.00;63.20
1318.00;62.08
1317.00;61.02
1316.00;60.06
1315.00;59.25
1314.00;58.62
1313.00;58.21
1312.00;58.02
1311.00;58.04
1310.00;58.22
1309.00;58.48
1308.00;58.74
1307.00;58.92
1306.00;58.94
1305.00;58.72
1304.00;58.25
1303.00;57.55
1302.00;56.67
1301.00;55.65
1300.00;54.53
1299.00;53.33
1298.00;52.06
1297.00;50.71
1296.00;49.29
1295.00;47.83
1294.00;46.34
1293.00;44.86
1292.00;43.44
1291.00;42.12
1290.00;40.92
1289.00;39.83
1288.00;38.83
1287.00;37.94
1286.00;37.12
1285.00;36.35
1284.00;35.60
1283.00;34.89
1282.00;34.22
1281.00;33.55
1280.00;32.90
1279.00;32.32
1278.00;31.89
1277.00;31.64
1276.00;31.59
1275.00;31.73
1274.00;32.00
1273.00;32.29
1272.00;32.54
1271.00;32.70
1270.00;32.77
1269.00;32.71
1268.00;32.53
1267.00;32.24
1266.00;31.85
1265.00;31.37
1264.00;30.86
1263.00;30.41
1262.00;30.08
1261.00;29.89
1260.00;29.89
1259.00;30.11
1258.00;30.57
1257.00;31.22
1256.00;32.04
1255.00;32.97
1254.00;33.96
1253.00;34.93
1252.00;35.86
1251.00;36.72
1250.00;37.51
1249.00;38.23
1248.00;38.90
1247.00;39.54
1246.00;40.14
1245.00;40.67
1244.00;41.15
1243.00;41.59
1242.00;42.02
1241.00;42.43
1240.00;42.82
1239.00;43.22
1238.00;43.62
1237.00;43.99
1236.00;44.36
1235.00;44.74
1234.00;45.13
1233.00;45.53
1232.00;45.95
1231.00;46.39
1230.00;46.83
1229.00;47.23
1228.00;47.58
1227.00;47.92
1226.00;48.27
1225.00;48.68
1224.00;49.18
1223.00;49.79
1222.00;50.47
1221.00;51.16
1220.00;51.83
1219.00;52.46
1218.00;53.08
1217.00;53.68
1216.00;54.26
1215.00;54.84
1214.00;55.39
1213.00;55.90
1212.00;56.36
1211.00;56.77
1210.00;57.13
1209.00;57.42
1208.00;57.63
1207.00;57.75
1206.00;57.77
1205.00;57.67
1204.00;57.44
1203.00;57.09
1202.00;56.63
1201.00;56.08
1200.00;55.51
1199.00;54.97
1198.00;54.53
1197.00;54.19
1196.00;53.95
1195.00;53.77
1194.00;53.65
1193.00;53.58
1192.00;53.56
1191.00;53.60
1190.00;53.68
1189.00;53.75
1188.00;53.77
1187.00;53.67
1186.00;53.44
1185.00;53.04
1184.00;52.51
1183.00;51.91
1182.00;51.28
1181.00;50.66
1180.00;50.07
1179.00;49.53
1178.00;49.11
1177.00;48.92
1176.00;49.06
1175.00;49.58
1174.00;50.43
1173.00;51.49
1172.00;52.65
1171.00;53.84
1170.00;55.01
1169.00;56.10
1168.00;57.10
1167.00;58.00
1166.00;58.84
1165.00;59.64
1164.00;60.39
1163.00;61.08
1162.00;61.70
1161.00;62.28
1160.00;62.85
1159.00;63.39
1158.00;63.89
1157.00;64.32
1156.00;64.70
1155.00;65.05
1154.00;65.42
1153.00;65.80
1152.00;66.21
1151.00;66.63
1150.00;67.01
1149.00;67.37
1148.00;67.72
1147.00;68.05
1146.00;68.37
1145.00;68.68
1144.00;68.98
1143.00;69.23
1142.00;69.42
1141.00;69.55
1140.00;69.65
1139.00;69.74
1138.00;69.81
1137.00;69.82
1136.00;69.75
1135.00;69.60
1134.00;69.37
1133.00;69.09
1132.00;68.75
1131.00;68.34
1130.00;67.82
1129.00;67.18
1128.00;66.39
1127.00;65.43
1126.00;64.28
1125.00;62.91
1124.00;61.33
1123.00;59.58
1122.00;57.72
1121.00;55.86
1120.00;54.10
1119.00;52.52
1118.00;51.10
1117.00;49.76
1116.00;48.45
1115.00;47.19
1114.00;46.11
1113.00;45.28
1112.00;44.78
1111.00;44.58
1110.00;44.62
1109.00;44.76
1108.00;44.94
1107.00;45.10
1106.00;45.26
1105.00;45.46
1104.00;45.74
1103.00;46.10
1102.00;46.45
1101.00;46.67
1100.00;46.70
1099.00;46.56
1098.00;46.35
1097.00;46.17
1096.00;46.12
1095.00;46.24
1094.00;46.46
1093.00;46.70
1092.00;46.93
1091.00;47.13
1090.00;47.33
1089.00;47.53
1088.00;47.73
1087.00;47.96
1086.00;48.21
1085.00;48.47
1084.00;48.76
1083.00;49.08
1082.00;49.42
1081.00;49.76
1080.00;50.11
1079.00;50.47
1078.00;50.83
1077.00;51.16
1076.00;51.45
1075.00;51.69
1074.00;51.90
1073.00;52.08
1072.00;52.22
1071.00;52.33
1070.00;52.42
1069.00;52.51
1068.00;52.61
1067.00;52.67
1066.00;52.65
1065.00;52.54
1064.00;52.35
1063.00;52.10
1062.00;51.77
1061.00;51.34
1060.00;50.81
1059.00;50.21
1058.00;49.59
1057.00;48.92
1056.00;48.20
1055.00;47.41
1054.00;46.50
1053.00;45.50
1052.00;44.50
1051.00;43.68
1050.00;43.21
1049.00;43.12
1048.00;43.36
1047.00;43.81
1046.00;44.35
1045.00;44.90
1044.00;45.43
1043.00;45.93
1042.00;46.39
1041.00;46.79
1040.00;47.12
1039.00;47.39
1038.00;47.64
1037.00;47.88
1036.00;48.10
1035.00;48.30
1034.00;48.46
1033.00;48.59
1032.00;48.71
1031.00;48.84
1030.00;48.94
1029.00;49.00
1028.00;48.98
1027.00;48.89
1026.00;48.69
1025.00;48.39
1024.00;48.01
1023.00;47.55
1022.00;46.98
1021.00;46.27
1020.00;45.39
1019.00;44.31
1018.00;43.04
1017.00;41.75
1016.00;40.81
1015.00;40.49
1014.00;40.82
1013.00;41.57
1012.00;42.48
1011.00;43.43
1010.00;44.39
1009.00;45.34
1008.00;46.28
1007.00;47.19
1006.00;48.09
1005.00;48.98
1004.00;49.88
1003.00;50.80
1002.00;51.71
1001.00;52.61
1000.00;53.47
999.00;54.31
998.00;55.12
997.00;55.88
996.00;56.59
995.00;57.26
994.00;57.91
993.00;58.54
992.00;59.16
991.00;59.76
990.00;60.32
989.00;60.83
988.00;61.31
987.00;61.78
986.00;62.24
985.00;62.68
984.00;63.07
983.00;63.41
982.00;63.67
981.00;63.83
980.00;63.85
979.00;63.67
978.00;63.27
977.00;62.63
976.00;61.73
975.00;60.45
974.00;58.64
973.00;56.19
972.00;53.25
971.00;50.24
970.00;47.70
969.00;45.87
968.00;44.56
967.00;43.29
966.00;41.76
965.00;40.21
964.00;39.24
963.00;39.27
962.00;40.26
961.00;41.80
960.00;43.52
959.00;45.22
958.00;46.82
957.00;48.23
956.00;49.28
955.00;49.73
954.00;49.46
953.00;48.69
952.00;47.96
951.00;47.84
950.00;48.49
949.00;49.68
948.00;51.03
947.00;52.27
946.00;53.29
945.00;54.09
944.00;54.73
943.00;55.27
942.00;55.74
941.00;56.14
940.00;56.48
939.00;56.82
938.00;57.15
937.00;57.45
936.00;57.71
935.00;57.93
934.00;58.13
933.00;58.33
932.00;58.53
931.00;58.73
930.00;58.90
929.00;59.03
928.00;59.15
927.00;59.30
926.00;59.51
925.00;59.73
924.00;59.95
923.00;60.14
922.00;60.33
921.00;60.51
920.00;60.69
919.00;60.86
918.00;61.04
917.00;61.24
916.00;61.45
915.00;61.68
914.00;61.90
913.00;62.09
912.00;62.22
911.00;62.34
910.00;62.45
909.00;62.55
908.00;62.63
907.00;62.68
906.00;62.71
905.00;62.69
904.00;62.64
903.00;62.56
902.00;62.48
901.00;62.40
900.00;62.31
899.00;62.20
898.00;62.08
897.00;61.97
896.00;61.88
895.00;61.81
894.00;61.76
893.00;61.69
892.00;61.62
891.00;61.54
890.00;61.46
889.00;61.35
888.00;61.22
887.00;61.13
886.00;61.07
885.00;61.02
884.00;60.98
883.00;60.94
882.00;60.94
881.00;60.96
880.00;60.99
879.00;61.04
878.00;61.11
877.00;61.20
876.00;61.34
875.00;61.55
874.00;61.79
873.00;62.02
872.00;62.20
871.00;62.31
870.00;62.35
869.00;62.26
868.00;62.00
867.00;61.57
866.00;60.97
865.00;60.18
864.00;59.20
863.00;57.95
862.00;56.36
861.00;54.42
860.00;52.31
859.00;50.37
858.00;48.99
857.00;48.43
856.00;48.74
855.00;49.76
854.00;51.21
853.00;52.76
852.00;54.20
851.00;55.39
850.00;56.24
849.00;56.66
848.00;56.64
847.00;56.14
846.00;55.11
845.00;53.48
844.00;51.32
843.00;49.03
842.00;47.13
841.00;46.10
840.00;46.11
839.00;46.95
838.00;48.11
837.00;49.16
836.00;49.90
835.00;50.41
834.00;50.87
833.00;51.39
832.00;51.97
831.00;52.55
830.00;53.05
829.00;53.42
828.00;53.64
827.00;53.74
826.00;53.74
825.00;53.66
824.00;53.52
823.00;53.32
822.00;53.07
821.00;52.76
820.00;52.41
819.00;52.04
818.00;51.67
817.00;51.28
816.00;50.90
815.00;50.55
814.00;50.19
813.00;49.73
812.00;49.18
811.00;48.58
810.00;47.96
809.00;47.34
808.00;46.72
807.00;46.09
806.00;45.48
805.00;44.85
804.00;44.16
803.00;43.44
802.00;42.71
801.00;41.96
800.00;41.15
799.00;40.23
798.00;39.19
797.00;38.04
796.00;36.76
795.00;35.30
794.00;33.61
793.00;31.84
792.00;30.31
791.00;29.47
790.00;29.54
789.00;30.48
788.00;32.03
787.00;33.94
786.00;36.13
785.00;38.60
784.00;41.35
783.00;44.22
782.00;46.86
781.00;48.86
780.00;49.94
779.00;49.96
778.00;48.88
777.00;46.80
776.00;43.92
775.00;40.54
774.00;36.92
773.00;33.23
772.00;29.62
771.00;26.24
770.00;23.25
769.00;20.80
768.00;19.07
767.00;18.30
766.00;18.59
765.00;19.87
764.00;21.89
763.00;24.37
762.00;27.03
761.00;29.65
760.00;32.10
759.00;34.33
758.00;36.33
757.00;38.12
756.00;39.72
755.00;41.15
754.00;42.44
753.00;43.60
752.00;44.64
751.00;45.56
750.00;46.37
749.00;47.05
748.00;47.60
747.00;48.06
746.00;48.42
745.00;48.66
744.00;48.81
743.00;48.94
742.00;49.09
741.00;49.24
740.00;49.40
739.00;49.57
738.00;49.76
737.00;49.90
736.00;49.95
735.00;49.90
734.00;49.74
733.00;49.47
732.00;49.09
731.00;48.65
730.00;48.21
729.00;47.83
728.00;47.57
727.00;47.45
726.00;47.45
725.00;47.47
724.00;47.46
723.00;47.43
722.00;47.40
721.00;47.32
720.00;47.11
719.00;46.72
718.00;46.22
717.00;45.71
716.00;45.28
715.00;44.99
714.00;44.81
713.00;44.70
712.00;44.60
711.00;44.50
710.00;44.35
709.00;44.12
708.00;43.80
707.00;43.42
706.00;43.00
705.00;42.42
704.00;41.59
703.00;40.47
702.00;39.17
701.00;37.96
700.00;37.15
699.00;36.89
698.00;37.16
697.00;37.77
696.00;38.56
695.00;39.48
694.00;40.50
693.00;41.57
692.00;42.58
691.00;43.50
690.00;44.30
689.00;44.99
688.00;45.59
687.00;46.07
686.00;46.40
685.00;46.54
684.00;46.51
683.00;46.41
682.00;46.39
681.00;46.54
680.00;46.88
679.00;47.33
678.00;47.82
677.00;48.27
676.00;48.65
675.00;48.95
674.00;49.18
673.00;49.38
672.00;49.58
671.00;49.85
670.00;50.18
669.00;50.52
668.00;50.72
667.00;50.79
666.00;50.85
665.00;50.94
664.00;51.04
663.00;51.12
662.00;51.12
661.00;51.00
660.00;50.77
659.00;50.44
658.00;50.01
657.00;49.42
656.00;48.64
655.00;47.75
654.00;46.85
653.00;46.04
652.00;45.36
651.00;44.83
650.00;44.48
649.00;44.25
648.00;44.16
647.00;44.20
646.00;44.36
645.00;44.57
644.00;44.77
643.00;44.98
642.00;45.19
641.00;45.37
640.00;45.50
639.00;45.60
638.00;45.68
637.00;45.68
636.00;45.52
635.00;45.20
634.00;44.78
633.00;44.35
632.00;44.01
631.00;43.84
630.00;43.78
629.00;43.68
628.00;43.50
627.00;43.30
626.00;43.17
625.00;43.14
624.00;43.13
623.00;43.10
622.00;43.00
621.00;42.85
620.00;42.65
619.00;42.48
618.00;42.36
617.00;42.29
616.00;42.24
615.00;42.20
614.00;42.17
613.00;42.13
612.00;42.11
611.00;42.14
610.00;42.22
609.00;42.33
608.00;42.45
607.00;42.61
606.00;42.81
605.00;43.03
604.00;43.26
603.00;43.52
602.00;43.80
601.00;44.05
600.00;44.26
599.00;44.47
598.00;44.71
597.00;44.98
596.00;45.25
595.00;45.51
594.00;45.74
593.00;45.95
592.00;46.19
591.00;46.50
590.00;46.87
589.00;47.19
588.00;47.41
587.00;47.56
586.00;47.68
585.00;47.80
584.00;47.96
583.00;48.17
582.00;48.42
581.00;48.67
580.00;48.90
579.00;49.12
578.00;49.30
577.00;49.42
576.00;49.48
575.00;49.53
574.00;49.60
573.00;49.62
572.00;49.57
571.00;49.51
570.00;49.51
569.00;49.59
568.00;49.67
567.00;49.68
566.00;49.57
565.00;49.38
564.00;49.18
563.00;49.05
562.00;48.95
561.00;48.81
560.00;48.56
559.00;48.20
558.00;47.77
557.00;47.27
556.00;46.78
555.00;46.35
554.00;45.95
553.00;45.40
552.00;44.62
551.00;43.79
550.00;43.23
549.00;43.15
548.00;43.50
547.00;44.09
546.00;44.71
545.00;45.18
544.00;45.45
543.00;45.57
542.00;45.63
541.00;45.63
540.00;45.58
539.00;45.53
538.00;45.51
537.00;45.47
536.00;45.36
535.00;45.15
534.00;44.83
533.00;44.37
532.00;43.85
531.00;43.36
530.00;42.95
529.00;42.61
528.00;42.40
527.00;42.50
526.00;42.96
525.00;43.60
524.00;44.16
523.00;44.55
522.00;44.76
521.00;44.84
520.00;44.82
519.00;44.82
518.00;44.91
517.00;45.06
516.00;45.20
515.00;45.32
514.00;45.41
513.00;45.42
512.00;45.36
511.00;45.26
510.00;45.13
509.00;44.87
508.00;44.41
507.00;43.76
506.00;43.02
505.00;42.17
504.00;41.19
503.00;40.10
502.00;39.01
501.00;38.15
500.00;37.70
499.00;37.72
498.00;38.04
497.00;38.38
496.00;38.61
495.00;38.85
494.00;39.14
493.00;39.34
492.00;39.30
491.00;39.10
490.00;38.97
489.00;39.03
488.00;39.30
487.00;39.68
486.00;39.97
485.00;39.95
484.00;39.62
483.00;39.18
482.00;38.72
481.00;38.14
480.00;37.38
479.00;36.60
478.00;35.96
477.00;35.49
476.00;35.16
475.00;35.01
474.00;35.06
473.00;35.26
472.00;35.65
471.00;36.25
470.00;36.92
469.00;37.45
468.00;37.77
467.00;37.94
466.00;38.02
465.00;37.97
464.00;37.87
463.00;37.89
462.00;38.00
461.00;38.04
460.00;37.99
459.00;38.01
458.00;38.08
457.00;37.97
456.00;37.64
455.00;37.43
454.00;37.54
453.00;37.81
452.00;38.00
451.00;38.07
450.00;38.10
449.00;38.13
448.00;38.30
447.00;38.82
446.00;39.66
445.00;40.49
444.00;41.09
443.00;41.57
442.00;42.05
441.00;42.43
440.00;42.61
439.00;42.71
438.00;42.90
437.00;43.16
436.00;43.38
435.00;43.50
434.00;43.50
433.00;43.34
432.00;43.15
431.00;43.16
430.00;43.41
429.00;43.73
428.00;43.93
427.00;44.03
426.00;44.07
425.00;43.99
424.00;43.87
423.00;43.91
422.00;44.19
421.00;44.48
420.00;44.63
419.00;44.87
418.00;45.22
417.00;45.18
416.00;44.63
415.00;44.09
414.00;43.91
413.00;43.94
412.00;43.78
411.00;43.37
410.00;42.91
409.00;42.50
408.00;42.14
407.00;41.96
406.00;42.05
405.00;42.26
404.00;42.42
403.00;42.54
402.00;42.56
401.00;42.18
400.00;41.31
